id,category,creator,level,maxUsers,price,datetime,title,duration
0,Boxing,498,advanced,3,16.04,2024-04-10 16:30:00.393354,A Boxing class,0 h 55 min
1,Pilates,849,advanced,34,14.63,2024-03-19 15:30:00.393354,A Pilates class,0 h 15 min
2,Yoga,814,advanced,29,15.72,2024-05-26 00:30:00.393354,A Yoga class,2 h 
3,CrossFit,94,advanced,3,14.81,2023-12-02 10:30:00.393354,A CrossFit class,0 h 55 min
4,Aerobics,623,begginer,37,13.49,2024-03-21 14:30:00.393354,A Aerobics class,1 h 35 min
5,Body Pump,365,all levels,3,10.66,2024-02-01 20:00:00.393354,A Body Pump class,1 h 45 min
6,Other,833,all levels,1,15.62,2024-01-27 17:00:00.393354,A Other class,2 h 
7,HIIT,47,all levels,35,10.57,2023-05-27 21:30:00.393354,A HIIT class,1 h 55 min
8,Kickboxing,911,intermediate,30,17.36,2023-12-21 05:00:00.393354,A Kickboxing class,1 h 
9,CrossFit,822,advanced,50,15.52,2024-03-10 02:00:00.393354,A CrossFit class,2 h 
10,Barre,721,begginer,42,19.91,2023-09-18 18:30:00.393354,A Barre class,0 h 25 min
11,GAP,121,intermediate,1,15.45,2024-04-17 03:30:00.393354,A GAP class,2 h 
12,Yoga,421,advanced,32,13.08,2023-07-17 03:30:00.393354,A Yoga class,0 h 50 min
13,Boxing,495,all levels,24,14.79,2024-01-05 11:00:00.393354,A Boxing class,2 h 
14,CrossFit,994,begginer,37,13.36,2024-02-28 06:30:00.393354,A CrossFit class,1 h 
15,Pilates,153,all levels,27,17.03,2023-12-04 02:30:00.393354,A Pilates class,2 h 
16,Yoga,502,intermediate,31,12.1,2023-08-09 18:00:00.393354,A Yoga class,0 h 10 min
17,Aerobics,250,all levels,19,15.51,2023-09-03 13:30:00.393354,A Aerobics class,1 h 50 min
18,Body Combat,423,intermediate,13,16.53,2023-12-11 02:30:00.393354,A Body Combat class,2 h 
19,CrossFit,174,intermediate,41,11.44,2024-02-11 03:30:00.393354,A CrossFit class,1 h 55 min
20,Total Body Conditioning,927,intermediate,12,16.35,2023-10-28 11:00:00.393354,A Total Body Conditioning class,0 h 25 min
21,Stretching,769,advanced,36,10.26,2023-10-17 21:00:00.393354,A Stretching class,0 h 30 min
22,Total Body Conditioning,478,begginer,48,14.11,2023-05-28 01:00:00.393354,A Total Body Conditioning class,1 h 35 min
23,HIIT,994,advanced,30,20.73,2023-08-11 09:00:00.393354,A HIIT class,0 h 5 min
24,Body Combat,929,advanced,43,12.8,2024-02-28 22:00:00.393354,A Body Combat class,1 h 25 min
25,HIIT,326,intermediate,8,15.69,2023-07-09 03:30:00.393354,A HIIT class,2 h 
26,Pilates,94,intermediate,25,8.02,2023-08-31 14:00:00.393354,A Pilates class,0 h 55 min
27,Zumba,15,advanced,10,10.9,2023-08-01 19:00:00.393354,A Zumba class,2 h 
28,Pilates,647,intermediate,33,17.89,2023-12-22 15:30:00.393354,A Pilates class,0 h 15 min
29,Kickboxing,338,intermediate,47,12.42,2023-12-02 05:00:00.393354,A Kickboxing class,1 h 25 min
30,Aerobics,571,advanced,12,17.15,2023-08-26 02:00:00.393354,A Aerobics class,0 h 10 min
31,Yoga,247,all levels,50,18.61,2024-02-21 19:30:00.393354,A Yoga class,1 h 35 min
32,Aerobics,927,begginer,16,15.22,2024-04-23 13:30:00.393354,A Aerobics class,2 h 
33,Kickboxing,109,advanced,30,14.18,2023-06-24 13:00:00.393354,A Kickboxing class,2 h 
34,Aerobics,153,begginer,15,16.19,2023-06-20 13:00:00.393354,A Aerobics class,1 h 45 min
35,Aerobics,927,intermediate,30,12.75,2023-09-15 13:00:00.393354,A Aerobics class,0 h 
36,Boxing,218,all levels,21,17.38,2023-12-11 23:00:00.393354,A Boxing class,1 h 50 min
37,ABS,480,intermediate,25,19.66,2024-02-22 10:00:00.393354,A ABS class,0 h 25 min
38,Body Combat,222,advanced,25,15.26,2023-07-25 13:00:00.393354,A Body Combat class,2 h 
39,Aerobics,52,advanced,10,17.45,2023-11-15 22:00:00.393354,A Aerobics class,2 h 
40,GAP,142,intermediate,27,16.66,2023-07-08 06:00:00.393354,A GAP class,0 h 45 min
41,Stretching,861,advanced,15,6.95,2023-06-20 09:30:00.393354,A Stretching class,2 h 
42,Barre,104,begginer,36,12.43,2023-08-01 11:30:00.393354,A Barre class,0 h 40 min
43,Body Combat,720,intermediate,38,15.13,2023-06-24 07:00:00.393354,A Body Combat class,1 h 40 min
44,Body Combat,616,all levels,38,13.9,2024-04-21 04:00:00.393354,A Body Combat class,2 h 
45,Yoga,793,advanced,13,14.85,2024-03-16 02:00:00.393354,A Yoga class,2 h 
46,Kickboxing,678,advanced,10,19.46,2023-08-15 13:00:00.393354,A Kickboxing class,0 h 40 min
47,Spinning,929,all levels,16,21.85,2023-09-11 21:00:00.393354,A Spinning class,0 h 10 min
48,ABS,182,intermediate,11,14.88,2023-08-26 12:00:00.393354,A ABS class,0 h 40 min
49,Body Pump,338,all levels,3,17.06,2024-01-30 16:30:00.393354,A Body Pump class,0 h 25 min
50,Spinning,275,intermediate,2,10.22,2024-05-10 02:30:00.393354,A Spinning class,2 h 
51,Other,552,begginer,17,19.27,2023-11-26 19:30:00.393354,A Other class,1 h 
52,Stretching,726,intermediate,3,21.31,2023-07-20 21:00:00.393354,A Stretching class,1 h 50 min
53,CrossFit,148,begginer,10,15.3,2024-03-27 23:30:00.393354,A CrossFit class,1 h 45 min
54,Pilates,989,all levels,36,13.16,2023-12-30 18:30:00.393354,A Pilates class,1 h 10 min
55,Aerobics,720,advanced,46,9.6,2024-05-22 16:00:00.393354,A Aerobics class,1 h 15 min
56,Other,121,begginer,8,16.83,2024-04-20 11:30:00.393354,A Other class,0 h 10 min
57,Zumba,709,begginer,4,12.53,2024-01-27 04:30:00.393354,A Zumba class,0 h 45 min
58,Boxing,397,all levels,9,16.36,2024-01-12 11:30:00.393354,A Boxing class,2 h 
59,Body Pump,841,advanced,32,16.87,2024-01-28 03:00:00.393354,A Body Pump class,1 h 
60,GAP,246,all levels,16,16.71,2023-12-18 12:00:00.393354,A GAP class,0 h 50 min
61,Kickboxing,685,advanced,1,17.41,2024-04-08 02:30:00.393354,A Kickboxing class,2 h 
62,GAP,99,intermediate,41,15.84,2024-04-20 19:30:00.393354,A GAP class,2 h 
63,Kickboxing,531,advanced,30,14.19,2023-12-16 12:30:00.393354,A Kickboxing class,2 h 
64,Pilates,949,all levels,24,9.74,2023-12-12 05:30:00.393354,A Pilates class,2 h 
65,Pilates,578,all levels,4,11.8,2023-09-13 08:30:00.393354,A Pilates class,1 h 50 min
66,Total Body Conditioning,555,advanced,31,12.63,2023-12-17 01:00:00.393354,A Total Body Conditioning class,2 h 
67,Other,574,begginer,41,13.96,2024-05-04 18:00:00.393354,A Other class,0 h 5 min
68,Yoga,658,all levels,12,13.89,2023-10-23 09:00:00.393354,A Yoga class,0 h 10 min
69,Other,338,advanced,36,11.42,2024-04-01 16:30:00.393354,A Other class,1 h 25 min
70,Yoga,769,intermediate,36,10.22,2023-06-04 03:00:00.393354,A Yoga class,2 h 
71,Total Body Conditioning,616,advanced,34,15.46,2023-07-26 05:00:00.393354,A Total Body Conditioning class,2 h 
72,Stretching,907,begginer,36,12.38,2024-01-23 11:30:00.393354,A Stretching class,2 h 
73,ABS,264,all levels,49,18.29,2023-08-27 06:00:00.393354,A ABS class,0 h 5 min
74,HIIT,778,all levels,24,7.94,2023-08-09 21:00:00.393354,A HIIT class,1 h 5 min
75,Aerobics,490,begginer,47,17.45,2023-09-21 18:30:00.393354,A Aerobics class,1 h 35 min
76,CrossFit,861,begginer,10,14.93,2024-05-16 21:30:00.393354,A CrossFit class,1 h 25 min
77,Personalized,984,begginer,28,13.04,2023-07-14 19:30:00.393354,A Personalized class,0 h 20 min
78,ABS,502,advanced,26,14.08,2023-11-23 04:00:00.393354,A ABS class,1 h 25 min
79,Barre,571,advanced,26,14.54,2023-08-27 01:30:00.393354,A Barre class,0 h 
80,Body Pump,658,begginer,32,12.74,2023-08-25 08:30:00.393354,A Body Pump class,1 h 35 min
81,Pilates,858,begginer,39,17.4,2023-12-10 07:00:00.393354,A Pilates class,2 h 
82,GAP,250,begginer,26,15.31,2024-03-16 13:30:00.393354,A GAP class,1 h 10 min
83,ABS,978,begginer,18,17.96,2023-06-05 19:30:00.393354,A ABS class,2 h 
84,Stretching,397,advanced,12,14.41,2023-08-02 05:00:00.393354,A Stretching class,1 h 10 min
85,Spinning,245,begginer,3,15.47,2023-10-20 01:00:00.393354,A Spinning class,0 h 45 min
86,Other,258,begginer,5,13.19,2023-07-29 10:30:00.393354,A Other class,2 h 
87,HIIT,704,advanced,9,14.6,2024-05-10 10:00:00.393354,A HIIT class,2 h 
88,Pilates,942,begginer,17,9.02,2023-07-01 08:30:00.393354,A Pilates class,2 h 
89,GAP,931,all levels,38,19.44,2024-05-02 20:00:00.393354,A GAP class,1 h 10 min
90,ABS,498,begginer,9,15.95,2024-04-27 04:00:00.393354,A ABS class,2 h 
91,Yoga,686,all levels,37,20.26,2023-09-27 03:30:00.393354,A Yoga class,1 h 55 min
92,Aerobics,697,begginer,10,15.34,2023-11-18 13:30:00.393354,A Aerobics class,2 h 
93,Zumba,416,intermediate,29,13.06,2023-07-08 09:30:00.393354,A Zumba class,1 h 25 min
94,Yoga,421,advanced,3,13.69,2023-08-03 14:00:00.393354,A Yoga class,1 h 25 min
95,Body Pump,50,intermediate,33,15.73,2024-01-05 12:00:00.393354,A Body Pump class,0 h 25 min
96,Total Body Conditioning,147,advanced,39,14.22,2024-03-18 11:30:00.393354,A Total Body Conditioning class,0 h 10 min
97,Total Body Conditioning,51,intermediate,28,10.3,2024-02-12 20:30:00.393354,A Total Body Conditioning class,1 h 
98,Pilates,423,begginer,18,14.66,2023-10-04 12:00:00.393354,A Pilates class,0 h 30 min
99,Boxing,394,begginer,26,12.21,2024-05-15 03:00:00.393354,A Boxing class,2 h 
100,Boxing,246,begginer,16,16.15,2024-03-29 18:00:00.393354,A Boxing class,2 h 
101,Kickboxing,151,intermediate,48,7.99,2023-08-08 21:00:00.393354,A Kickboxing class,0 h 20 min
102,Spinning,704,all levels,43,13.79,2024-05-17 12:30:00.393354,A Spinning class,1 h 40 min
103,Boxing,658,all levels,18,15.26,2024-04-11 16:00:00.393354,A Boxing class,0 h 55 min
104,Other,937,advanced,37,16.92,2023-07-28 11:30:00.393354,A Other class,2 h 
105,ABS,31,begginer,21,16.43,2024-04-28 14:30:00.393354,A ABS class,0 h 55 min
106,Stretching,720,begginer,7,14.65,2023-06-22 15:30:00.393354,A Stretching class,0 h 
107,Total Body Conditioning,945,all levels,3,14.51,2024-02-09 17:00:00.393354,A Total Body Conditioning class,2 h 
108,Barre,825,intermediate,17,5.79,2024-03-26 06:00:00.393354,A Barre class,1 h 15 min
109,Body Pump,490,all levels,20,10.43,2024-01-01 05:30:00.393354,A Body Pump class,0 h 25 min
110,Boxing,99,intermediate,45,16.62,2024-04-11 19:00:00.393354,A Boxing class,2 h 
111,Total Body Conditioning,27,begginer,3,14.65,2023-11-10 14:00:00.393354,A Total Body Conditioning class,0 h 40 min
112,Yoga,770,advanced,23,17.54,2024-02-05 01:00:00.393354,A Yoga class,0 h 50 min
113,Personalized,337,begginer,35,15.94,2023-10-03 18:00:00.393354,A Personalized class,1 h 15 min
114,Total Body Conditioning,578,all levels,38,13.86,2023-07-14 02:00:00.393354,A Total Body Conditioning class,2 h 
115,Yoga,176,intermediate,40,12.32,2023-08-08 10:00:00.393354,A Yoga class,2 h 
116,Body Combat,801,begginer,43,16.2,2023-05-30 15:00:00.393354,A Body Combat class,0 h 30 min
117,Boxing,778,begginer,17,9.87,2024-05-16 19:30:00.393354,A Boxing class,0 h 45 min
118,Body Pump,52,all levels,17,21.39,2023-12-22 15:30:00.393354,A Body Pump class,0 h 
119,Aerobics,136,all levels,7,13.64,2023-06-06 02:00:00.393354,A Aerobics class,2 h 
120,Total Body Conditioning,997,begginer,29,15.46,2024-02-10 08:00:00.393354,A Total Body Conditioning class,2 h 
121,Stretching,735,intermediate,12,14.29,2023-09-13 16:30:00.393354,A Stretching class,2 h 
122,Boxing,50,begginer,21,14.32,2024-02-12 03:30:00.393354,A Boxing class,2 h 
123,Aerobics,442,intermediate,2,13.21,2023-11-10 22:30:00.393354,A Aerobics class,0 h 35 min
124,Total Body Conditioning,832,advanced,29,10.53,2024-05-16 11:30:00.393354,A Total Body Conditioning class,0 h 10 min
125,CrossFit,141,advanced,44,16.22,2024-04-08 17:30:00.393354,A CrossFit class,0 h 10 min
126,Personalized,803,advanced,49,17.78,2023-10-30 20:30:00.393354,A Personalized class,1 h 50 min
127,CrossFit,478,intermediate,44,19.94,2023-05-31 15:00:00.393354,A CrossFit class,2 h 
128,Zumba,147,all levels,27,13.23,2024-04-22 09:30:00.393354,A Zumba class,2 h 
129,ABS,391,advanced,50,16.65,2023-09-11 23:30:00.393354,A ABS class,1 h 15 min
130,Spinning,611,all levels,39,14.07,2023-07-18 11:00:00.393354,A Spinning class,1 h 25 min
131,ABS,984,all levels,20,10.93,2023-08-03 20:00:00.393354,A ABS class,1 h 50 min
132,Barre,131,advanced,26,10.66,2024-05-08 02:30:00.393354,A Barre class,0 h 10 min
133,Spinning,60,all levels,13,15.92,2023-09-06 05:30:00.393354,A Spinning class,2 h 
134,CrossFit,478,all levels,36,14.04,2024-03-23 12:30:00.393354,A CrossFit class,0 h 45 min
135,Barre,463,advanced,30,13.88,2023-08-08 11:30:00.393354,A Barre class,0 h 25 min
136,CrossFit,647,begginer,14,18.45,2024-03-12 13:30:00.393354,A CrossFit class,0 h 20 min
137,Boxing,832,begginer,45,16.54,2023-09-28 10:00:00.393354,A Boxing class,1 h 35 min
138,Body Pump,793,advanced,12,13.77,2024-05-12 00:30:00.393354,A Body Pump class,0 h 45 min
139,Boxing,242,all levels,7,10.66,2023-07-25 04:00:00.393354,A Boxing class,1 h 5 min
140,Spinning,103,begginer,15,16.24,2023-09-22 19:30:00.393354,A Spinning class,2 h 
141,Personalized,737,all levels,36,16.42,2024-02-24 10:00:00.393354,A Personalized class,0 h 10 min
142,Pilates,576,begginer,17,16.29,2023-07-29 09:00:00.393354,A Pilates class,2 h 
143,Boxing,803,intermediate,37,10.91,2024-04-22 09:30:00.393354,A Boxing class,1 h 40 min
144,Kickboxing,770,all levels,35,13.09,2023-11-09 20:30:00.393354,A Kickboxing class,2 h 
145,Other,789,begginer,20,21.11,2024-01-27 18:30:00.393354,A Other class,0 h 20 min
146,Aerobics,981,intermediate,46,4.38,2023-08-13 19:30:00.393354,A Aerobics class,1 h 30 min
147,Total Body Conditioning,735,intermediate,24,17.67,2023-10-21 05:00:00.393354,A Total Body Conditioning class,2 h 
148,Barre,267,all levels,26,12.65,2023-06-02 21:30:00.393354,A Barre class,1 h 35 min
149,Stretching,981,all levels,39,13.77,2023-10-12 08:30:00.393354,A Stretching class,0 h 10 min
150,CrossFit,900,advanced,9,15.5,2023-05-28 03:00:00.393354,A CrossFit class,2 h 
151,HIIT,845,all levels,24,19.64,2023-06-29 18:30:00.393354,A HIIT class,1 h 45 min
152,Total Body Conditioning,927,all levels,36,11.21,2024-01-06 19:30:00.393354,A Total Body Conditioning class,2 h 
153,Zumba,395,advanced,26,12.93,2024-04-22 07:00:00.393354,A Zumba class,1 h 50 min
154,Other,11,all levels,4,18.49,2023-12-22 22:30:00.393354,A Other class,1 h 35 min
155,Aerobics,965,intermediate,18,20.96,2024-04-29 04:00:00.393354,A Aerobics class,2 h 
156,ABS,92,intermediate,44,10.84,2024-04-22 21:30:00.393354,A ABS class,0 h 10 min
157,Kickboxing,574,advanced,9,13.65,2023-06-21 14:30:00.393354,A Kickboxing class,2 h 
158,Yoga,441,intermediate,30,16.82,2023-09-15 22:00:00.393354,A Yoga class,2 h 
159,Pilates,437,begginer,49,15.32,2023-09-02 05:00:00.393354,A Pilates class,1 h 55 min
160,HIIT,932,intermediate,31,12.51,2023-09-08 07:00:00.393354,A HIIT class,1 h 55 min
161,Boxing,903,intermediate,20,14.88,2024-03-17 00:00:00.393354,A Boxing class,1 h 40 min
162,Zumba,704,intermediate,47,19.57,2024-01-28 05:00:00.393354,A Zumba class,2 h 
163,Body Combat,978,advanced,1,15.26,2024-03-24 15:00:00.393354,A Body Combat class,2 h 
164,Yoga,900,all levels,43,16.2,2023-07-10 17:00:00.393354,A Yoga class,1 h 5 min
165,Yoga,359,intermediate,9,11.19,2023-10-08 03:00:00.393354,A Yoga class,0 h 45 min
166,Zumba,50,begginer,39,12.36,2024-04-09 17:30:00.393354,A Zumba class,2 h 
167,Body Combat,989,begginer,19,10.92,2023-11-21 21:30:00.393354,A Body Combat class,0 h 10 min
168,Kickboxing,737,all levels,9,22.75,2024-05-15 01:30:00.393354,A Kickboxing class,2 h 
169,Personalized,455,begginer,1,17.01,2023-11-04 23:30:00.393354,A Personalized class,0 h 45 min
170,Body Combat,942,intermediate,42,15.01,2024-02-25 19:30:00.393354,A Body Combat class,2 h 
171,Body Pump,695,all levels,35,14.18,2024-04-25 05:00:00.393354,A Body Pump class,0 h 20 min
172,CrossFit,697,all levels,12,10.82,2023-07-21 15:00:00.393354,A CrossFit class,2 h 
173,Barre,174,begginer,12,16.96,2023-07-20 06:00:00.393354,A Barre class,2 h 
174,Yoga,665,advanced,24,17.97,2024-04-12 00:00:00.393354,A Yoga class,0 h 25 min
175,Zumba,911,intermediate,36,17.96,2024-05-07 18:00:00.393354,A Zumba class,0 h 20 min
176,Other,490,intermediate,41,13.99,2023-06-20 22:30:00.393354,A Other class,1 h 15 min
177,Personalized,680,advanced,9,14.54,2023-08-11 21:30:00.393354,A Personalized class,2 h 
178,Other,470,begginer,37,20.92,2023-09-08 08:00:00.393354,A Other class,1 h 5 min
179,Body Pump,735,begginer,35,14.82,2023-09-27 15:30:00.393354,A Body Pump class,0 h 5 min
180,Body Pump,204,begginer,48,12.82,2024-05-10 11:30:00.393354,A Body Pump class,1 h 15 min
181,CrossFit,228,intermediate,45,11.43,2024-01-03 22:30:00.393354,A CrossFit class,1 h 20 min
182,Spinning,258,advanced,47,14.94,2023-06-05 06:00:00.393354,A Spinning class,1 h 
183,Personalized,604,intermediate,8,18.39,2023-12-07 07:30:00.393354,A Personalized class,2 h 
184,Barre,326,intermediate,24,13.18,2023-11-18 15:30:00.393354,A Barre class,1 h 50 min
185,Barre,679,advanced,33,14.5,2023-07-23 01:00:00.393354,A Barre class,2 h 
186,Body Pump,744,intermediate,25,14.8,2023-10-11 19:00:00.393354,A Body Pump class,2 h 
187,Body Pump,365,begginer,11,18.51,2023-08-08 03:00:00.393354,A Body Pump class,1 h 35 min
188,ABS,686,all levels,28,16.86,2023-08-19 07:30:00.393354,A ABS class,1 h 20 min
189,HIIT,437,advanced,26,17.41,2023-09-30 19:30:00.393354,A HIIT class,1 h 45 min
190,Spinning,1,all levels,25,11.65,2024-04-29 19:00:00.393354,A Spinning class,2 h 
191,ABS,899,all levels,50,15.44,2023-08-21 14:00:00.393354,A ABS class,2 h 
192,CrossFit,720,all levels,46,11.53,2024-03-25 12:30:00.393354,A CrossFit class,1 h 10 min
193,ABS,47,all levels,34,15.81,2024-04-10 04:00:00.393354,A ABS class,1 h 10 min
194,ABS,57,intermediate,13,18.01,2023-06-02 17:00:00.393354,A ABS class,2 h 
195,Barre,922,advanced,7,14.16,2024-05-21 07:30:00.393354,A Barre class,1 h 35 min
196,Boxing,616,advanced,48,15.55,2024-03-02 05:00:00.393354,A Boxing class,1 h 40 min
197,Personalized,148,advanced,44,15.74,2023-12-25 07:00:00.393354,A Personalized class,0 h 10 min
198,Aerobics,552,advanced,31,12.66,2024-02-06 13:30:00.393354,A Aerobics class,1 h 50 min
199,Barre,531,advanced,12,13.92,2023-09-03 06:00:00.393354,A Barre class,1 h 
200,GAP,841,advanced,13,18.39,2024-05-23 09:00:00.393354,A GAP class,2 h 
201,GAP,27,begginer,18,14.59,2023-11-11 22:00:00.393354,A GAP class,0 h 40 min
202,Pilates,242,advanced,42,21.58,2023-07-21 18:00:00.393354,A Pilates class,1 h 45 min
203,Yoga,315,all levels,47,8.35,2023-12-28 01:00:00.393354,A Yoga class,0 h 30 min
204,Aerobics,833,intermediate,11,13.18,2023-09-08 11:30:00.393354,A Aerobics class,2 h 
205,CrossFit,932,begginer,42,13.99,2024-02-03 08:30:00.393354,A CrossFit class,0 h 35 min
206,HIIT,218,advanced,29,14.11,2023-07-15 12:00:00.393354,A HIIT class,2 h 
207,Total Body Conditioning,448,intermediate,46,16.29,2023-08-26 12:30:00.393354,A Total Body Conditioning class,1 h 
208,CrossFit,989,advanced,34,18.21,2024-04-06 11:30:00.393354,A CrossFit class,0 h 20 min
209,Zumba,665,begginer,31,10.22,2024-02-28 14:30:00.393354,A Zumba class,2 h 
210,Boxing,148,all levels,32,11.61,2024-03-06 01:30:00.393354,A Boxing class,2 h 
211,ABS,176,begginer,40,21.25,2024-01-20 04:00:00.393354,A ABS class,1 h 10 min
212,Barre,176,begginer,50,22.42,2023-08-17 15:00:00.393354,A Barre class,0 h 10 min
213,Zumba,697,all levels,32,16.3,2023-09-22 23:30:00.393354,A Zumba class,2 h 
214,Body Pump,528,advanced,7,15.79,2023-11-26 07:30:00.393354,A Body Pump class,2 h 
215,Zumba,84,all levels,35,9.98,2023-09-05 07:30:00.393354,A Zumba class,2 h 
216,GAP,994,advanced,22,10.69,2023-06-26 23:30:00.393354,A GAP class,2 h 
217,Body Combat,721,all levels,20,14.85,2024-02-06 04:00:00.393354,A Body Combat class,1 h 20 min
218,HIIT,168,intermediate,12,19.87,2024-01-19 17:00:00.393354,A HIIT class,2 h 
219,Kickboxing,11,all levels,10,17.0,2024-01-09 08:30:00.393354,A Kickboxing class,0 h 35 min
220,ABS,845,advanced,16,16.78,2023-11-04 15:30:00.393354,A ABS class,1 h 40 min
221,Total Body Conditioning,610,all levels,5,17.46,2023-07-03 00:00:00.393354,A Total Body Conditioning class,2 h 
222,Aerobics,463,advanced,6,16.88,2024-02-15 04:30:00.393354,A Aerobics class,1 h 10 min
223,HIIT,841,intermediate,43,16.18,2023-11-25 08:00:00.393354,A HIIT class,1 h 40 min
224,Spinning,1,begginer,22,18.78,2023-07-31 14:00:00.393354,A Spinning class,2 h 
225,Spinning,833,advanced,26,17.45,2023-09-24 01:30:00.393354,A Spinning class,2 h 
226,Body Combat,669,intermediate,9,10.89,2023-07-21 13:00:00.393354,A Body Combat class,0 h 50 min
227,Personalized,903,intermediate,42,15.76,2023-11-22 09:00:00.393354,A Personalized class,2 h 
228,Kickboxing,574,advanced,49,15.16,2023-09-11 17:00:00.393354,A Kickboxing class,1 h 30 min
229,Personalized,193,advanced,12,19.24,2023-11-28 08:30:00.393354,A Personalized class,1 h 
230,Spinning,997,all levels,26,18.04,2024-04-03 23:30:00.393354,A Spinning class,0 h 5 min
231,Spinning,84,intermediate,31,12.54,2023-08-30 05:30:00.393354,A Spinning class,0 h 45 min
232,Zumba,845,all levels,47,13.3,2023-10-03 13:30:00.393354,A Zumba class,0 h 10 min
233,Spinning,176,intermediate,33,10.07,2024-02-09 23:00:00.393354,A Spinning class,2 h 
234,GAP,623,begginer,36,11.0,2023-12-29 09:30:00.393354,A GAP class,1 h 5 min
235,GAP,359,begginer,40,19.02,2024-04-16 17:30:00.393354,A GAP class,0 h 45 min
236,Stretching,830,all levels,7,16.06,2024-05-23 03:00:00.393354,A Stretching class,0 h 15 min
237,Body Pump,978,intermediate,7,13.0,2023-11-13 22:30:00.393354,A Body Pump class,2 h 
238,GAP,258,begginer,18,16.05,2023-10-13 00:30:00.393354,A GAP class,1 h 15 min
239,Stretching,770,advanced,11,17.25,2023-12-20 19:30:00.393354,A Stretching class,2 h 
240,Other,822,advanced,20,12.01,2023-05-30 01:00:00.393354,A Other class,1 h 35 min
241,Aerobics,531,advanced,28,13.01,2023-11-24 20:00:00.393354,A Aerobics class,0 h 5 min
242,Barre,201,advanced,10,15.24,2023-12-05 09:00:00.393354,A Barre class,1 h 50 min
243,CrossFit,174,begginer,31,15.75,2024-05-12 17:00:00.393354,A CrossFit class,2 h 
244,Yoga,652,advanced,12,16.44,2023-07-20 08:30:00.393354,A Yoga class,0 h 15 min
245,ABS,937,begginer,22,15.2,2023-12-29 13:30:00.393354,A ABS class,1 h 40 min
246,Boxing,121,begginer,48,14.57,2023-08-12 03:30:00.393354,A Boxing class,1 h 30 min
247,Yoga,907,advanced,25,18.83,2024-02-10 19:30:00.393354,A Yoga class,0 h 30 min
248,Body Pump,478,intermediate,41,15.25,2023-12-23 17:00:00.393354,A Body Pump class,2 h 
249,Body Pump,792,begginer,47,15.48,2023-07-01 04:00:00.393354,A Body Pump class,2 h 
250,Body Pump,222,begginer,28,19.64,2023-08-12 12:00:00.393354,A Body Pump class,2 h 
251,Barre,608,advanced,48,21.79,2024-03-19 12:30:00.393354,A Barre class,0 h 20 min
252,Body Pump,331,begginer,10,17.67,2024-04-29 14:00:00.393354,A Body Pump class,1 h 25 min
253,Aerobics,416,advanced,28,19.96,2024-05-20 22:00:00.393354,A Aerobics class,0 h 10 min
254,Total Body Conditioning,832,all levels,30,18.3,2023-06-17 06:30:00.393354,A Total Body Conditioning class,1 h 45 min
255,Stretching,555,advanced,45,16.66,2024-03-27 12:00:00.393354,A Stretching class,0 h 20 min
256,Stretching,867,begginer,17,19.58,2024-01-11 06:00:00.393354,A Stretching class,2 h 
257,GAP,139,begginer,11,10.6,2023-08-27 01:00:00.393354,A GAP class,1 h 45 min
258,Personalized,744,begginer,21,20.79,2024-03-26 00:00:00.393354,A Personalized class,2 h 
259,Kickboxing,182,all levels,22,12.25,2023-12-22 09:00:00.393354,A Kickboxing class,0 h 50 min
260,HIIT,945,intermediate,9,14.57,2023-12-29 23:00:00.393354,A HIIT class,2 h 
261,Yoga,623,advanced,38,15.79,2023-11-22 12:30:00.393354,A Yoga class,1 h 5 min
262,Body Combat,695,advanced,3,17.79,2023-10-28 10:00:00.393354,A Body Combat class,2 h 
263,Pilates,574,all levels,34,11.8,2023-07-21 13:00:00.393354,A Pilates class,0 h 45 min
264,Stretching,182,intermediate,48,10.3,2023-12-30 02:00:00.393354,A Stretching class,2 h 
265,HIIT,717,advanced,34,16.05,2023-08-04 10:30:00.393354,A HIIT class,1 h 25 min
266,Zumba,448,intermediate,47,13.52,2023-10-25 18:00:00.393354,A Zumba class,1 h 40 min
267,Body Pump,787,advanced,4,11.72,2023-12-16 17:00:00.393354,A Body Pump class,1 h 40 min
268,Body Combat,247,advanced,1,10.33,2024-02-19 02:30:00.393354,A Body Combat class,0 h 15 min
269,ABS,932,intermediate,9,13.57,2024-01-12 17:30:00.393354,A ABS class,0 h 25 min
270,Kickboxing,394,advanced,18,13.16,2023-12-13 03:00:00.393354,A Kickboxing class,2 h 
271,Barre,204,all levels,26,17.91,2023-08-21 20:30:00.393354,A Barre class,2 h 
272,Body Pump,258,advanced,2,12.42,2023-06-20 05:00:00.393354,A Body Pump class,2 h 
273,Personalized,899,all levels,26,16.61,2023-12-04 00:00:00.393354,A Personalized class,0 h 40 min
274,CrossFit,365,advanced,43,15.69,2024-03-25 15:30:00.393354,A CrossFit class,0 h 30 min
275,Spinning,776,all levels,12,19.02,2024-04-24 21:30:00.393354,A Spinning class,2 h 
276,Kickboxing,792,intermediate,24,17.83,2024-01-29 12:30:00.393354,A Kickboxing class,2 h 
277,Barre,490,advanced,45,8.39,2023-09-13 23:00:00.393354,A Barre class,1 h 25 min
278,Spinning,769,advanced,3,10.97,2024-03-21 02:30:00.393354,A Spinning class,1 h 15 min
279,Pilates,984,all levels,23,14.36,2023-09-14 16:30:00.393354,A Pilates class,0 h 20 min
280,Aerobics,94,begginer,45,15.81,2024-05-17 16:30:00.393354,A Aerobics class,1 h 55 min
281,Other,247,advanced,31,12.93,2023-08-30 15:30:00.393354,A Other class,1 h 35 min
282,Spinning,121,all levels,43,16.74,2023-07-12 02:30:00.393354,A Spinning class,1 h 5 min
283,GAP,900,advanced,41,7.86,2024-03-20 21:00:00.393354,A GAP class,1 h 40 min
284,Body Pump,911,intermediate,8,17.96,2023-11-19 03:30:00.393354,A Body Pump class,1 h 20 min
285,Stretching,359,all levels,14,15.91,2023-09-06 19:30:00.393354,A Stretching class,0 h 35 min
286,Body Combat,441,intermediate,21,18.25,2023-11-12 19:00:00.393354,A Body Combat class,0 h 5 min
287,Yoga,241,begginer,24,23.65,2024-02-04 04:00:00.393354,A Yoga class,0 h 45 min
288,Yoga,153,begginer,1,17.71,2023-12-22 17:30:00.393354,A Yoga class,0 h 
289,GAP,409,advanced,13,12.73,2024-04-26 09:30:00.393354,A GAP class,2 h 
290,Personalized,686,begginer,8,16.8,2024-04-12 10:30:00.393354,A Personalized class,1 h 40 min
291,Stretching,267,advanced,31,18.88,2023-11-17 05:30:00.393354,A Stretching class,2 h 
292,Other,456,intermediate,12,18.81,2024-04-12 05:30:00.393354,A Other class,2 h 
293,Zumba,92,advanced,27,15.9,2023-08-15 20:00:00.393354,A Zumba class,2 h 
294,Other,437,all levels,16,15.48,2023-06-12 03:00:00.393354,A Other class,0 h 5 min
295,Body Combat,142,advanced,19,13.77,2024-01-31 00:30:00.393354,A Body Combat class,2 h 
296,Personalized,616,intermediate,33,10.74,2024-02-27 19:00:00.393354,A Personalized class,0 h 10 min
297,Aerobics,456,begginer,19,16.46,2023-06-08 04:30:00.393354,A Aerobics class,2 h 
298,Yoga,174,advanced,30,14.54,2024-05-21 15:00:00.393354,A Yoga class,0 h 50 min
299,Other,166,begginer,9,16.76,2023-07-28 04:00:00.393354,A Other class,0 h 55 min
300,Barre,394,begginer,12,15.54,2023-07-24 16:30:00.393354,A Barre class,2 h 
301,Body Pump,799,begginer,17,16.72,2024-03-13 03:00:00.393354,A Body Pump class,1 h 50 min
302,Spinning,715,begginer,3,15.8,2024-04-02 06:30:00.393354,A Spinning class,2 h 
303,Yoga,578,begginer,22,17.05,2023-11-26 16:00:00.393354,A Yoga class,2 h 
304,CrossFit,720,begginer,26,13.19,2023-07-28 16:00:00.393354,A CrossFit class,0 h 30 min
305,Spinning,322,begginer,23,13.33,2023-11-11 12:30:00.393354,A Spinning class,2 h 
306,HIIT,204,begginer,25,13.37,2024-05-01 09:00:00.393354,A HIIT class,2 h 
307,Other,22,intermediate,16,15.66,2023-06-29 22:30:00.393354,A Other class,2 h 
308,Other,83,begginer,40,19.0,2023-07-07 19:30:00.393354,A Other class,0 h 40 min
309,Body Pump,929,begginer,7,14.31,2024-05-14 03:00:00.393354,A Body Pump class,2 h 
310,Aerobics,669,advanced,40,9.12,2023-06-22 22:30:00.393354,A Aerobics class,2 h 
311,Yoga,680,all levels,30,14.1,2023-06-24 01:00:00.393354,A Yoga class,2 h 
312,Total Body Conditioning,622,intermediate,34,21.44,2023-11-17 03:30:00.393354,A Total Body Conditioning class,0 h 10 min
313,ABS,136,advanced,42,13.75,2023-12-04 04:30:00.393354,A ABS class,1 h 40 min
314,Body Pump,671,begginer,16,12.56,2024-02-18 13:00:00.393354,A Body Pump class,0 h 55 min
315,Barre,31,advanced,32,9.35,2024-04-05 16:00:00.393354,A Barre class,1 h 45 min
316,Stretching,690,all levels,29,15.31,2023-07-15 14:00:00.393354,A Stretching class,1 h 50 min
317,Aerobics,103,intermediate,36,18.61,2023-07-19 04:00:00.393354,A Aerobics class,0 h 40 min
318,Total Body Conditioning,275,all levels,29,17.34,2024-05-17 02:00:00.393354,A Total Body Conditioning class,1 h 20 min
319,Yoga,825,all levels,39,10.86,2024-05-05 02:00:00.393354,A Yoga class,0 h 50 min
320,Zumba,148,intermediate,32,9.36,2024-05-02 16:00:00.393354,A Zumba class,1 h 20 min
321,Kickboxing,15,all levels,4,14.48,2023-08-08 09:00:00.393354,A Kickboxing class,2 h 
322,Total Body Conditioning,176,intermediate,40,14.42,2024-05-25 13:30:00.393354,A Total Body Conditioning class,2 h 
323,Zumba,235,intermediate,4,13.44,2024-05-23 20:00:00.393354,A Zumba class,0 h 20 min
324,Yoga,932,begginer,29,10.99,2023-10-29 20:30:00.393354,A Yoga class,1 h 10 min
325,Boxing,903,intermediate,32,19.6,2023-08-26 10:00:00.393354,A Boxing class,0 h 20 min
326,Boxing,365,intermediate,27,15.0,2023-07-14 08:30:00.393354,A Boxing class,2 h 
327,Yoga,794,advanced,32,9.59,2023-07-07 19:30:00.393354,A Yoga class,0 h 45 min
328,ABS,258,all levels,40,17.47,2024-02-29 04:00:00.393354,A ABS class,1 h 55 min
329,HIIT,519,all levels,10,17.97,2023-10-04 04:00:00.393354,A HIIT class,2 h 
330,Aerobics,136,advanced,7,15.15,2024-03-23 06:30:00.393354,A Aerobics class,0 h 35 min
331,HIIT,27,all levels,21,14.81,2024-02-26 21:30:00.393354,A HIIT class,1 h 45 min
332,Yoga,900,begginer,15,18.28,2024-02-10 18:00:00.393354,A Yoga class,1 h 25 min
333,Zumba,83,all levels,39,11.51,2024-03-03 01:30:00.393354,A Zumba class,2 h 
334,CrossFit,204,all levels,14,19.1,2024-03-06 13:30:00.393354,A CrossFit class,1 h 
335,Pilates,250,all levels,25,15.27,2023-12-09 16:30:00.393354,A Pilates class,1 h 30 min
336,CrossFit,337,all levels,50,14.52,2023-08-28 15:00:00.393354,A CrossFit class,0 h 35 min
337,Body Pump,218,advanced,11,23.2,2023-11-19 19:00:00.393354,A Body Pump class,0 h 50 min
338,Personalized,604,begginer,34,17.77,2024-05-03 10:00:00.393354,A Personalized class,1 h 10 min
339,Spinning,166,intermediate,14,13.94,2023-06-13 07:30:00.393354,A Spinning class,0 h 50 min
340,ABS,18,advanced,18,10.95,2023-07-10 06:00:00.393354,A ABS class,1 h 20 min
341,Body Combat,787,intermediate,1,13.29,2023-11-06 21:00:00.393354,A Body Combat class,1 h 30 min
342,Pilates,997,begginer,47,12.19,2023-06-28 18:30:00.393354,A Pilates class,2 h 
343,Spinning,437,begginer,26,19.16,2023-11-06 09:00:00.393354,A Spinning class,0 h 10 min
344,Total Body Conditioning,31,intermediate,13,11.4,2023-08-24 21:00:00.393354,A Total Body Conditioning class,0 h 
345,Pilates,15,all levels,20,13.15,2024-01-22 20:00:00.393354,A Pilates class,1 h 30 min
346,Pilates,397,begginer,34,16.72,2024-03-30 11:30:00.393354,A Pilates class,2 h 
347,Stretching,690,all levels,24,13.14,2023-08-12 01:00:00.393354,A Stretching class,1 h 20 min
348,Total Body Conditioning,997,all levels,35,13.81,2023-12-21 11:00:00.393354,A Total Body Conditioning class,1 h 40 min
349,ABS,704,all levels,44,15.9,2023-10-29 17:30:00.393354,A ABS class,2 h 
350,Yoga,168,intermediate,38,14.88,2024-05-18 18:30:00.393354,A Yoga class,2 h 
351,Total Body Conditioning,792,all levels,2,12.68,2024-03-04 18:00:00.393354,A Total Body Conditioning class,0 h 30 min
352,Barre,182,all levels,12,14.37,2023-08-18 20:00:00.393354,A Barre class,2 h 
353,Stretching,604,all levels,48,15.81,2024-02-23 06:30:00.393354,A Stretching class,1 h 15 min
354,Zumba,670,advanced,43,19.5,2023-09-18 00:00:00.393354,A Zumba class,2 h 
355,Spinning,604,begginer,40,19.63,2023-12-09 14:00:00.393354,A Spinning class,0 h 30 min
356,Barre,610,intermediate,8,16.95,2024-05-11 02:00:00.393354,A Barre class,2 h 
357,CrossFit,679,begginer,41,15.59,2023-08-29 00:00:00.393354,A CrossFit class,2 h 
358,Stretching,545,all levels,49,8.19,2024-04-18 13:30:00.393354,A Stretching class,1 h 55 min
359,CrossFit,724,all levels,6,15.9,2024-05-01 06:00:00.393354,A CrossFit class,2 h 
360,Boxing,245,begginer,37,11.67,2024-03-18 16:00:00.393354,A Boxing class,0 h 45 min
361,Aerobics,762,all levels,34,17.08,2023-07-26 08:30:00.393354,A Aerobics class,2 h 
362,CrossFit,267,intermediate,4,11.98,2024-02-16 00:30:00.393354,A CrossFit class,1 h 25 min
363,Spinning,770,advanced,33,13.7,2023-12-12 05:30:00.393354,A Spinning class,2 h 
364,GAP,778,all levels,12,12.34,2024-05-17 09:00:00.393354,A GAP class,2 h 
365,HIIT,241,advanced,22,15.53,2024-01-02 06:30:00.393354,A HIIT class,2 h 
366,Personalized,148,all levels,21,8.44,2023-08-12 18:00:00.393354,A Personalized class,1 h 5 min
367,Body Pump,250,all levels,29,16.14,2024-04-18 00:00:00.393354,A Body Pump class,0 h 25 min
368,Pilates,898,begginer,8,11.32,2023-10-07 14:30:00.393354,A Pilates class,0 h 40 min
369,CrossFit,814,all levels,13,14.61,2023-07-09 09:30:00.393354,A CrossFit class,2 h 
370,Stretching,441,intermediate,7,14.84,2024-01-24 21:30:00.393354,A Stretching class,2 h 
371,Personalized,442,all levels,29,17.07,2023-12-01 03:00:00.393354,A Personalized class,1 h 20 min
372,Stretching,927,advanced,14,15.31,2023-08-30 08:00:00.393354,A Stretching class,0 h 40 min
373,Spinning,984,begginer,33,11.89,2024-01-06 19:30:00.393354,A Spinning class,2 h 
374,Other,945,advanced,37,9.78,2024-02-15 03:30:00.393354,A Other class,1 h 20 min
375,Zumba,845,advanced,10,15.14,2023-11-13 04:30:00.393354,A Zumba class,0 h 30 min
376,CrossFit,988,all levels,12,11.24,2023-10-22 10:00:00.393354,A CrossFit class,2 h 
377,ABS,792,advanced,28,21.52,2023-06-26 18:00:00.393354,A ABS class,0 h 25 min
378,Aerobics,523,all levels,25,18.19,2023-11-12 14:00:00.393354,A Aerobics class,2 h 
379,ABS,576,begginer,14,15.02,2023-07-22 02:00:00.393354,A ABS class,0 h 45 min
380,Personalized,616,begginer,6,15.43,2023-12-12 14:30:00.393354,A Personalized class,2 h 
381,Body Combat,988,intermediate,27,15.04,2024-03-09 09:00:00.393354,A Body Combat class,2 h 
382,Other,441,all levels,8,14.18,2024-05-26 13:00:00.393354,A Other class,2 h 
383,Zumba,480,intermediate,38,21.16,2023-12-25 05:00:00.393354,A Zumba class,0 h 25 min
384,ABS,822,intermediate,6,15.85,2024-04-18 19:30:00.393354,A ABS class,2 h 
385,GAP,571,begginer,4,18.91,2023-09-16 19:30:00.393354,A GAP class,2 h 
386,Body Pump,918,all levels,2,20.45,2023-08-25 11:30:00.393354,A Body Pump class,0 h 40 min
387,Other,823,intermediate,47,14.1,2023-11-02 06:00:00.393354,A Other class,1 h 45 min
388,Spinning,571,all levels,5,16.5,2023-08-02 11:00:00.393354,A Spinning class,0 h 45 min
389,Personalized,1,begginer,24,14.26,2024-05-09 04:00:00.393354,A Personalized class,1 h 45 min
390,Body Combat,932,all levels,19,10.48,2024-01-31 04:00:00.393354,A Body Combat class,2 h 
391,Kickboxing,182,advanced,21,17.15,2024-02-21 04:30:00.393354,A Kickboxing class,0 h 
392,HIIT,545,all levels,35,14.67,2024-01-07 00:00:00.393354,A HIIT class,2 h 
393,Body Pump,990,intermediate,18,15.43,2023-08-02 20:30:00.393354,A Body Pump class,2 h 
394,Body Pump,57,intermediate,23,13.33,2023-10-24 18:00:00.393354,A Body Pump class,0 h 20 min
395,Zumba,22,begginer,40,15.78,2023-08-08 05:00:00.393354,A Zumba class,1 h 5 min
396,Pilates,147,advanced,11,14.7,2024-02-17 19:00:00.393354,A Pilates class,0 h 25 min
397,Zumba,965,intermediate,21,13.99,2023-12-13 02:00:00.393354,A Zumba class,1 h 10 min
398,Spinning,107,begginer,32,14.13,2023-12-05 19:30:00.393354,A Spinning class,1 h 10 min
399,Body Combat,88,begginer,44,13.57,2023-07-08 09:00:00.393354,A Body Combat class,0 h 55 min
400,Total Body Conditioning,394,begginer,3,15.25,2024-02-06 13:00:00.393354,A Total Body Conditioning class,2 h 
401,Spinning,141,intermediate,18,9.29,2024-02-27 10:30:00.393354,A Spinning class,1 h 55 min
402,Zumba,15,advanced,3,16.22,2023-06-16 08:00:00.393354,A Zumba class,0 h 
403,ABS,94,begginer,37,12.79,2024-05-18 17:30:00.393354,A ABS class,2 h 
404,Spinning,895,begginer,21,12.77,2023-06-22 20:30:00.393354,A Spinning class,1 h 35 min
405,Pilates,241,all levels,20,16.15,2024-01-31 19:00:00.393354,A Pilates class,1 h 50 min
406,Body Pump,104,intermediate,22,14.82,2023-10-11 15:30:00.393354,A Body Pump class,0 h 20 min
407,Total Body Conditioning,991,intermediate,36,13.12,2023-11-02 02:00:00.393354,A Total Body Conditioning class,0 h 20 min
408,Personalized,626,intermediate,46,16.39,2023-06-13 08:00:00.393354,A Personalized class,0 h 10 min
409,CrossFit,997,all levels,27,15.98,2024-02-27 14:00:00.393354,A CrossFit class,1 h 15 min
410,Kickboxing,833,intermediate,44,18.17,2023-12-22 08:30:00.393354,A Kickboxing class,0 h 45 min
411,Boxing,495,all levels,8,18.45,2024-05-13 19:00:00.393354,A Boxing class,2 h 
412,Aerobics,717,all levels,22,12.89,2023-06-15 04:30:00.393354,A Aerobics class,1 h 10 min
413,Kickboxing,626,intermediate,3,13.24,2023-08-05 03:30:00.393354,A Kickboxing class,2 h 
414,Stretching,793,begginer,29,13.81,2023-07-03 18:00:00.393354,A Stretching class,0 h 45 min
415,HIIT,770,begginer,5,15.82,2023-06-06 03:30:00.393354,A HIIT class,1 h 
416,Barre,168,all levels,8,11.23,2024-03-14 11:30:00.393354,A Barre class,0 h 35 min
417,HIIT,658,begginer,40,14.95,2023-09-06 03:00:00.393354,A HIIT class,1 h 55 min
418,Personalized,695,advanced,2,14.99,2023-12-29 22:30:00.393354,A Personalized class,2 h 
419,Zumba,442,begginer,12,14.86,2024-04-10 06:00:00.393354,A Zumba class,2 h 
420,Pilates,463,all levels,42,11.59,2024-05-09 18:30:00.393354,A Pilates class,2 h 
421,Barre,470,advanced,9,7.06,2023-12-26 21:00:00.393354,A Barre class,0 h 35 min
422,Kickboxing,18,all levels,41,14.92,2023-06-08 15:30:00.393354,A Kickboxing class,1 h 50 min
423,Body Pump,737,advanced,36,12.06,2023-11-13 20:00:00.393354,A Body Pump class,1 h 15 min
424,HIIT,801,all levels,42,19.69,2024-02-07 01:00:00.393354,A HIIT class,1 h 30 min
425,Body Pump,611,advanced,14,14.75,2024-02-10 14:00:00.393354,A Body Pump class,0 h 
426,Body Pump,174,intermediate,21,15.85,2023-10-01 22:30:00.393354,A Body Pump class,2 h 
427,Body Pump,99,all levels,18,17.81,2024-05-09 21:30:00.393354,A Body Pump class,2 h 
428,Personalized,331,advanced,6,14.0,2024-05-13 13:30:00.393354,A Personalized class,0 h 40 min
429,Boxing,721,intermediate,30,10.72,2024-03-06 03:00:00.393354,A Boxing class,2 h 
430,Body Pump,989,all levels,22,11.22,2023-11-22 07:30:00.393354,A Body Pump class,0 h 20 min
431,CrossFit,174,all levels,7,12.04,2023-11-09 22:00:00.393354,A CrossFit class,0 h 5 min
432,Other,397,intermediate,45,12.85,2023-10-30 01:30:00.393354,A Other class,0 h 35 min
433,Other,726,begginer,9,17.1,2024-03-06 15:30:00.393354,A Other class,0 h 20 min
434,Stretching,927,begginer,22,18.46,2024-05-19 05:30:00.393354,A Stretching class,2 h 
435,Pilates,939,all levels,12,16.57,2023-08-24 09:00:00.393354,A Pilates class,0 h 15 min
436,Spinning,84,all levels,47,12.08,2024-04-25 19:30:00.393354,A Spinning class,2 h 
437,Kickboxing,337,advanced,47,11.24,2024-01-09 08:30:00.393354,A Kickboxing class,2 h 
438,Kickboxing,160,intermediate,14,14.76,2023-10-18 15:00:00.393354,A Kickboxing class,0 h 30 min
439,Pilates,1,intermediate,27,13.96,2024-05-01 10:30:00.393354,A Pilates class,0 h 20 min
440,CrossFit,971,begginer,47,16.16,2023-06-07 13:00:00.393354,A CrossFit class,1 h 20 min
441,Body Pump,18,begginer,6,19.56,2023-08-12 13:30:00.393354,A Body Pump class,1 h 55 min
442,HIIT,365,begginer,3,12.75,2023-08-25 19:30:00.393354,A HIIT class,0 h 20 min
443,Aerobics,697,all levels,33,13.69,2023-11-03 20:00:00.393354,A Aerobics class,2 h 
444,Yoga,337,intermediate,34,20.18,2023-09-11 08:30:00.393354,A Yoga class,2 h 
445,GAP,623,all levels,22,14.44,2024-01-19 18:00:00.393354,A GAP class,1 h 45 min
446,Kickboxing,18,intermediate,10,17.06,2023-09-10 09:30:00.393354,A Kickboxing class,2 h 
447,GAP,524,intermediate,49,8.53,2024-02-01 23:00:00.393354,A GAP class,1 h 10 min
448,Yoga,18,intermediate,29,19.73,2023-10-14 09:00:00.393354,A Yoga class,1 h 35 min
449,Yoga,148,all levels,35,9.22,2024-04-15 11:00:00.393354,A Yoga class,1 h 30 min
450,Boxing,528,all levels,49,14.11,2024-01-19 08:00:00.393354,A Boxing class,2 h 
451,Personalized,416,all levels,27,13.76,2023-10-16 02:00:00.393354,A Personalized class,2 h 
452,ABS,337,intermediate,30,10.55,2023-07-19 11:00:00.393354,A ABS class,1 h 30 min
453,Body Pump,720,intermediate,24,15.19,2023-11-06 13:30:00.393354,A Body Pump class,1 h 10 min
454,Kickboxing,787,begginer,27,10.83,2024-03-01 17:00:00.393354,A Kickboxing class,0 h 15 min
455,Boxing,686,intermediate,15,13.56,2024-03-02 06:30:00.393354,A Boxing class,1 h 10 min
456,Body Combat,576,advanced,35,16.2,2023-11-12 08:30:00.393354,A Body Combat class,1 h 
457,Spinning,603,intermediate,28,15.41,2023-08-08 03:00:00.393354,A Spinning class,2 h 
458,Body Combat,888,all levels,36,14.37,2024-03-29 05:30:00.393354,A Body Combat class,0 h 10 min
459,Kickboxing,939,advanced,10,12.83,2023-09-24 22:30:00.393354,A Kickboxing class,2 h 
460,Spinning,861,intermediate,17,18.33,2024-05-26 00:30:00.393354,A Spinning class,2 h 
461,Spinning,610,all levels,46,18.92,2023-10-12 15:30:00.393354,A Spinning class,1 h 45 min
462,Spinning,88,all levels,31,13.6,2023-06-10 16:30:00.393354,A Spinning class,0 h 55 min
463,Pilates,787,advanced,2,13.8,2024-01-19 01:00:00.393354,A Pilates class,0 h 
464,Pilates,88,advanced,1,18.23,2024-02-11 08:30:00.393354,A Pilates class,0 h 15 min
465,Total Body Conditioning,715,all levels,7,18.95,2024-05-22 13:30:00.393354,A Total Body Conditioning class,0 h 50 min
466,Spinning,92,intermediate,47,14.9,2023-07-18 08:30:00.393354,A Spinning class,0 h 35 min
467,Boxing,932,all levels,12,16.28,2024-03-11 12:00:00.393354,A Boxing class,2 h 
468,Spinning,929,advanced,33,17.88,2023-11-18 15:00:00.393354,A Spinning class,2 h 
469,Body Pump,247,intermediate,30,11.6,2024-03-24 20:30:00.393354,A Body Pump class,2 h 
470,Personalized,670,advanced,34,12.7,2023-06-20 05:00:00.393354,A Personalized class,2 h 
471,CrossFit,929,all levels,12,12.8,2024-04-19 08:00:00.393354,A CrossFit class,1 h 25 min
472,Total Body Conditioning,104,begginer,5,16.36,2023-07-30 17:30:00.393354,A Total Body Conditioning class,0 h 20 min
473,HIIT,735,intermediate,29,20.25,2024-04-11 19:00:00.393354,A HIIT class,1 h 55 min
474,Boxing,949,intermediate,11,19.49,2024-01-25 11:30:00.393354,A Boxing class,1 h 20 min
475,Other,576,all levels,21,14.81,2023-08-06 17:00:00.393354,A Other class,0 h 10 min
476,HIIT,15,intermediate,13,16.94,2024-05-13 18:00:00.393354,A HIIT class,0 h 20 min
477,Other,858,intermediate,45,15.19,2023-10-05 07:30:00.393354,A Other class,0 h 20 min
478,Yoga,242,advanced,15,13.5,2023-10-31 09:00:00.393354,A Yoga class,2 h 
479,Yoga,704,advanced,17,15.69,2023-08-12 16:30:00.393354,A Yoga class,1 h 55 min
480,Other,939,intermediate,26,13.75,2023-06-24 01:00:00.393354,A Other class,2 h 
481,Total Body Conditioning,776,all levels,1,11.4,2024-03-15 21:00:00.393354,A Total Body Conditioning class,0 h 20 min
482,Body Pump,770,intermediate,1,13.8,2023-12-16 20:00:00.393354,A Body Pump class,0 h 50 min
483,HIIT,11,intermediate,17,19.1,2024-04-04 03:00:00.393354,A HIIT class,0 h 5 min
484,CrossFit,222,intermediate,15,15.79,2024-05-06 06:00:00.393354,A CrossFit class,0 h 40 min
485,Kickboxing,726,intermediate,30,15.62,2024-01-16 06:30:00.393354,A Kickboxing class,1 h 45 min
486,HIIT,830,advanced,44,13.5,2024-04-30 01:00:00.393354,A HIIT class,2 h 
487,Body Pump,83,begginer,30,12.72,2023-11-03 11:30:00.393354,A Body Pump class,0 h 30 min
488,GAP,470,advanced,22,14.61,2024-05-15 08:30:00.393354,A GAP class,2 h 
489,Body Pump,895,intermediate,9,13.1,2023-11-24 09:00:00.393354,A Body Pump class,2 h 
490,GAP,151,all levels,18,19.38,2024-02-06 09:00:00.393354,A GAP class,2 h 
491,Barre,721,all levels,4,16.38,2024-04-02 03:30:00.393354,A Barre class,2 h 
492,Stretching,744,begginer,26,22.23,2024-05-24 20:00:00.393354,A Stretching class,0 h 20 min
493,Stretching,267,intermediate,49,12.44,2024-01-15 07:00:00.393354,A Stretching class,1 h 50 min
494,GAP,15,advanced,32,13.41,2023-06-11 08:00:00.393354,A GAP class,0 h 45 min
495,Total Body Conditioning,88,all levels,8,15.55,2023-11-06 11:00:00.393354,A Total Body Conditioning class,1 h 40 min
496,Total Body Conditioning,922,begginer,25,11.24,2024-03-02 18:00:00.393354,A Total Body Conditioning class,0 h 40 min
497,Pilates,971,all levels,42,12.11,2023-11-16 08:00:00.393354,A Pilates class,1 h 15 min
498,CrossFit,166,intermediate,15,16.38,2024-01-20 17:00:00.393354,A CrossFit class,1 h 30 min
499,Personalized,679,intermediate,12,13.36,2023-06-15 04:00:00.393354,A Personalized class,2 h 
500,Zumba,822,intermediate,16,15.22,2024-03-21 05:30:00.393354,A Zumba class,1 h 5 min
501,CrossFit,168,advanced,25,13.38,2023-11-23 09:00:00.393354,A CrossFit class,2 h 
502,Yoga,350,all levels,31,14.11,2023-08-07 16:30:00.393354,A Yoga class,0 h 20 min
503,Total Body Conditioning,88,begginer,41,14.31,2024-01-27 01:00:00.393354,A Total Body Conditioning class,1 h 
504,Zumba,22,advanced,37,20.09,2023-12-30 08:30:00.393354,A Zumba class,0 h 55 min
505,Stretching,997,begginer,15,15.62,2024-02-22 19:30:00.393354,A Stretching class,1 h 25 min
506,Personalized,439,all levels,4,18.21,2024-01-29 09:00:00.393354,A Personalized class,1 h 10 min
507,Other,322,intermediate,2,16.73,2023-09-29 01:00:00.393354,A Other class,0 h 50 min
508,GAP,990,intermediate,25,16.13,2024-04-17 13:30:00.393354,A GAP class,0 h 5 min
509,Personalized,858,all levels,45,15.13,2024-01-20 08:00:00.393354,A Personalized class,1 h 40 min
510,Zumba,762,intermediate,12,16.83,2023-09-09 01:00:00.393354,A Zumba class,0 h 50 min
511,Zumba,787,advanced,44,16.52,2024-02-21 04:30:00.393354,A Zumba class,0 h 25 min
512,Yoga,104,all levels,21,10.85,2024-02-09 20:00:00.393354,A Yoga class,2 h 
513,Body Pump,704,advanced,47,15.37,2023-08-13 22:00:00.393354,A Body Pump class,0 h 5 min
514,Zumba,671,all levels,50,15.41,2023-12-07 21:00:00.393354,A Zumba class,1 h 30 min
515,Zumba,680,all levels,48,10.2,2024-03-09 15:00:00.393354,A Zumba class,1 h 30 min
516,Other,490,begginer,27,17.94,2024-02-12 23:00:00.393354,A Other class,0 h 55 min
517,Other,837,begginer,12,14.69,2024-04-26 09:30:00.393354,A Other class,2 h 
518,Aerobics,685,intermediate,9,16.64,2024-02-12 14:00:00.393354,A Aerobics class,0 h 15 min
519,Barre,495,all levels,47,19.29,2024-03-11 04:30:00.393354,A Barre class,1 h 5 min
520,Body Pump,678,begginer,9,18.81,2024-05-05 05:30:00.393354,A Body Pump class,0 h 55 min
521,Aerobics,242,advanced,41,17.63,2023-09-07 15:30:00.393354,A Aerobics class,2 h 
522,HIIT,709,all levels,20,14.64,2024-01-20 12:30:00.393354,A HIIT class,1 h 40 min
523,Aerobics,131,advanced,21,15.59,2023-06-27 03:00:00.393354,A Aerobics class,1 h 
524,HIIT,136,begginer,11,13.75,2023-06-21 03:30:00.393354,A HIIT class,1 h 20 min
525,Yoga,761,intermediate,21,11.75,2024-03-12 05:00:00.393354,A Yoga class,2 h 
526,Stretching,647,intermediate,37,13.62,2024-01-16 05:00:00.393354,A Stretching class,1 h 
527,ABS,57,begginer,17,9.27,2023-09-13 10:30:00.393354,A ABS class,0 h 5 min
528,Body Combat,988,advanced,3,12.62,2023-09-11 18:30:00.393354,A Body Combat class,2 h 
529,Total Body Conditioning,160,begginer,6,15.18,2023-06-13 00:00:00.393354,A Total Body Conditioning class,2 h 
530,Other,22,all levels,24,21.76,2023-08-08 20:30:00.393354,A Other class,0 h 20 min
531,Personalized,669,intermediate,24,11.51,2024-04-06 14:30:00.393354,A Personalized class,0 h 45 min
532,Aerobics,258,advanced,36,14.94,2024-04-14 04:30:00.393354,A Aerobics class,1 h 50 min
533,Yoga,441,begginer,14,16.19,2023-11-11 04:30:00.393354,A Yoga class,1 h 15 min
534,Boxing,616,all levels,24,16.43,2023-07-24 22:30:00.393354,A Boxing class,0 h 40 min
535,Kickboxing,929,advanced,49,15.14,2023-11-04 22:00:00.393354,A Kickboxing class,2 h 
536,Total Body Conditioning,228,advanced,4,16.09,2023-12-05 14:30:00.393354,A Total Body Conditioning class,1 h 25 min
537,CrossFit,697,advanced,47,12.05,2023-06-27 19:00:00.393354,A CrossFit class,2 h 
538,Yoga,250,all levels,46,10.89,2023-06-03 12:00:00.393354,A Yoga class,0 h 35 min
539,Body Pump,275,begginer,27,12.66,2023-09-02 16:30:00.393354,A Body Pump class,1 h 25 min
540,HIIT,524,begginer,47,17.81,2023-08-21 07:00:00.393354,A HIIT class,1 h 30 min
541,Boxing,275,intermediate,37,15.15,2024-03-28 11:00:00.393354,A Boxing class,1 h 30 min
542,Spinning,365,intermediate,8,12.92,2023-09-25 13:30:00.393354,A Spinning class,2 h 
543,Personalized,899,advanced,48,13.69,2023-11-27 10:00:00.393354,A Personalized class,1 h 50 min
544,Other,762,begginer,17,16.59,2023-12-30 04:30:00.393354,A Other class,0 h 30 min
545,ABS,832,intermediate,37,10.65,2024-03-12 17:30:00.393354,A ABS class,1 h 20 min
546,CrossFit,201,intermediate,12,13.73,2023-11-27 16:30:00.393354,A CrossFit class,0 h 10 min
547,Pilates,394,begginer,33,12.82,2023-07-05 18:30:00.393354,A Pilates class,2 h 
548,Yoga,576,advanced,32,16.65,2023-12-13 21:30:00.393354,A Yoga class,1 h 
549,HIIT,331,advanced,25,11.37,2023-08-11 08:00:00.393354,A HIIT class,0 h 40 min
550,Body Pump,671,intermediate,16,12.46,2023-11-01 04:00:00.393354,A Body Pump class,2 h 
551,Total Body Conditioning,57,intermediate,34,12.4,2023-08-22 06:00:00.393354,A Total Body Conditioning class,1 h 25 min
552,HIIT,139,begginer,40,11.89,2023-08-16 10:30:00.393354,A HIIT class,2 h 
553,GAP,611,begginer,1,15.09,2023-11-17 04:00:00.393354,A GAP class,1 h 
554,Total Body Conditioning,153,begginer,6,18.24,2024-02-04 04:00:00.393354,A Total Body Conditioning class,2 h 
555,Boxing,455,advanced,6,25.03,2023-11-27 20:00:00.393354,A Boxing class,1 h 15 min
556,HIIT,84,all levels,15,17.12,2024-01-26 22:00:00.393354,A HIIT class,0 h 
557,Personalized,51,all levels,9,18.01,2024-05-17 16:00:00.393354,A Personalized class,0 h 55 min
558,Spinning,680,all levels,1,16.3,2023-08-19 09:30:00.393354,A Spinning class,2 h 
559,Stretching,264,all levels,18,13.89,2023-07-13 21:00:00.393354,A Stretching class,0 h 30 min
560,Barre,166,intermediate,41,16.69,2023-09-12 00:00:00.393354,A Barre class,1 h 55 min
561,Body Pump,528,intermediate,39,16.91,2023-06-03 10:00:00.393354,A Body Pump class,1 h 45 min
562,Kickboxing,678,begginer,15,13.29,2023-11-06 13:00:00.393354,A Kickboxing class,0 h 55 min
563,Spinning,744,intermediate,16,10.87,2023-10-31 04:30:00.393354,A Spinning class,2 h 
564,Body Combat,704,intermediate,38,11.47,2023-07-15 21:00:00.393354,A Body Combat class,0 h 20 min
565,Body Pump,991,advanced,9,20.48,2024-04-14 20:00:00.393354,A Body Pump class,1 h 45 min
566,CrossFit,60,begginer,38,19.77,2024-03-09 00:00:00.393354,A CrossFit class,1 h 55 min
567,Barre,903,begginer,13,15.29,2023-12-18 05:00:00.393354,A Barre class,1 h 25 min
568,Body Combat,290,intermediate,12,15.33,2023-12-19 02:30:00.393354,A Body Combat class,1 h 5 min
569,Body Pump,945,all levels,16,13.78,2023-12-11 22:00:00.393354,A Body Pump class,1 h 50 min
570,Pilates,193,advanced,9,14.7,2023-12-09 09:30:00.393354,A Pilates class,0 h 45 min
571,Total Body Conditioning,697,begginer,48,15.26,2023-06-17 04:30:00.393354,A Total Body Conditioning class,1 h 45 min
572,Zumba,647,advanced,19,17.36,2023-11-21 23:30:00.393354,A Zumba class,2 h 
573,Yoga,94,all levels,24,7.77,2023-10-28 06:30:00.393354,A Yoga class,0 h 35 min
574,Body Pump,456,intermediate,37,9.03,2023-11-12 15:30:00.393354,A Body Pump class,1 h 40 min
575,Aerobics,918,all levels,44,13.1,2024-05-06 23:30:00.393354,A Aerobics class,2 h 
576,Boxing,927,advanced,32,17.42,2024-05-02 09:00:00.393354,A Boxing class,2 h 
577,Spinning,849,all levels,37,14.59,2023-12-09 00:00:00.393354,A Spinning class,0 h 55 min
578,ABS,151,begginer,12,16.03,2023-06-20 04:00:00.393354,A ABS class,0 h 15 min
579,Kickboxing,27,begginer,49,16.44,2024-01-18 05:30:00.393354,A Kickboxing class,0 h 
580,Body Pump,22,advanced,46,12.96,2023-10-28 10:00:00.393354,A Body Pump class,1 h 40 min
581,Body Pump,715,begginer,17,13.33,2024-01-26 12:00:00.393354,A Body Pump class,2 h 
582,ABS,365,advanced,18,10.7,2024-05-26 08:30:00.393354,A ABS class,0 h 5 min
583,Other,761,advanced,16,15.44,2024-02-29 02:00:00.393354,A Other class,2 h 
584,Spinning,794,intermediate,42,17.57,2023-11-22 00:00:00.393354,A Spinning class,2 h 
585,Total Body Conditioning,994,intermediate,27,14.49,2024-02-14 23:00:00.393354,A Total Body Conditioning class,0 h 35 min
586,Yoga,365,intermediate,36,15.64,2023-11-05 15:30:00.393354,A Yoga class,0 h 50 min
587,Aerobics,604,intermediate,26,13.66,2023-12-13 02:30:00.393354,A Aerobics class,0 h 55 min
588,Body Combat,528,advanced,2,13.68,2023-11-21 07:30:00.393354,A Body Combat class,1 h 10 min
589,Total Body Conditioning,799,advanced,5,17.68,2024-03-03 19:00:00.393354,A Total Body Conditioning class,0 h 30 min
590,Kickboxing,903,intermediate,38,10.1,2024-02-13 08:30:00.393354,A Kickboxing class,0 h 30 min
591,GAP,616,intermediate,17,16.75,2024-05-03 09:30:00.393354,A GAP class,0 h 30 min
592,Aerobics,884,intermediate,28,12.34,2023-10-12 11:30:00.393354,A Aerobics class,0 h 45 min
593,Pilates,153,intermediate,7,11.52,2023-12-10 19:00:00.393354,A Pilates class,1 h 40 min
594,Kickboxing,608,begginer,30,12.84,2024-02-18 18:00:00.393354,A Kickboxing class,1 h 50 min
595,Kickboxing,423,begginer,20,18.76,2023-12-24 04:30:00.393354,A Kickboxing class,0 h 55 min
596,Yoga,347,intermediate,47,14.89,2023-11-23 19:00:00.393354,A Yoga class,1 h 5 min
597,Aerobics,523,all levels,20,20.92,2023-10-15 15:00:00.393354,A Aerobics class,1 h 45 min
598,GAP,616,begginer,8,12.06,2024-02-28 02:00:00.393354,A GAP class,2 h 
599,Boxing,147,begginer,15,21.32,2024-01-04 18:30:00.393354,A Boxing class,1 h 
600,Boxing,322,begginer,29,11.96,2024-01-09 17:30:00.393354,A Boxing class,2 h 
601,Barre,988,all levels,42,17.4,2024-03-24 09:30:00.393354,A Barre class,2 h 
602,Total Body Conditioning,47,intermediate,31,14.09,2024-02-09 20:30:00.393354,A Total Body Conditioning class,2 h 
603,ABS,991,intermediate,38,13.51,2024-04-21 22:30:00.393354,A ABS class,1 h 45 min
604,GAP,744,intermediate,20,14.12,2024-05-02 13:30:00.393354,A GAP class,0 h 55 min
605,Body Combat,391,advanced,7,10.99,2024-01-07 15:00:00.393354,A Body Combat class,2 h 
606,GAP,715,intermediate,47,15.65,2023-09-28 00:00:00.393354,A GAP class,0 h 
607,Total Body Conditioning,832,all levels,8,16.07,2023-12-10 00:30:00.393354,A Total Body Conditioning class,2 h 
608,GAP,455,intermediate,31,12.91,2023-11-04 23:30:00.393354,A GAP class,2 h 
609,HIIT,247,intermediate,4,13.15,2024-03-29 02:00:00.393354,A HIIT class,2 h 
610,Spinning,837,advanced,16,14.63,2023-10-28 20:00:00.393354,A Spinning class,2 h 
611,Kickboxing,899,advanced,12,10.76,2023-06-28 16:00:00.393354,A Kickboxing class,2 h 
612,Barre,218,all levels,8,12.04,2024-04-27 09:30:00.393354,A Barre class,1 h 5 min
613,Personalized,52,begginer,38,17.84,2023-06-28 00:00:00.393354,A Personalized class,1 h 25 min
614,GAP,884,begginer,30,14.38,2023-07-05 03:00:00.393354,A GAP class,0 h 55 min
615,Body Pump,439,advanced,42,16.91,2023-09-22 19:00:00.393354,A Body Pump class,0 h 
616,Pilates,671,intermediate,50,14.98,2024-04-13 11:30:00.393354,A Pilates class,1 h 15 min
617,Aerobics,455,all levels,9,16.58,2023-05-29 22:30:00.393354,A Aerobics class,2 h 
618,Total Body Conditioning,991,begginer,46,15.38,2024-05-08 13:30:00.393354,A Total Body Conditioning class,0 h 50 min
619,Aerobics,832,all levels,31,14.56,2023-08-17 03:00:00.393354,A Aerobics class,0 h 45 min
620,Body Combat,148,advanced,18,16.01,2023-10-21 01:00:00.393354,A Body Combat class,2 h 
621,Kickboxing,907,begginer,47,15.03,2023-08-28 13:30:00.393354,A Kickboxing class,1 h 15 min
622,Boxing,715,all levels,24,10.91,2023-09-27 05:30:00.393354,A Boxing class,1 h 55 min
623,Zumba,833,intermediate,34,17.43,2023-09-23 14:30:00.393354,A Zumba class,1 h 45 min
624,Other,630,begginer,2,18.79,2023-07-22 01:30:00.393354,A Other class,0 h 50 min
625,Boxing,11,begginer,9,8.46,2023-12-28 19:30:00.393354,A Boxing class,0 h 50 min
626,Total Body Conditioning,495,advanced,37,16.86,2023-11-01 01:00:00.393354,A Total Body Conditioning class,2 h 
627,CrossFit,671,advanced,26,13.23,2023-07-11 21:30:00.393354,A CrossFit class,1 h 30 min
628,ABS,680,all levels,47,16.17,2023-09-18 22:30:00.393354,A ABS class,0 h 10 min
629,Zumba,792,begginer,25,18.23,2023-06-17 08:30:00.393354,A Zumba class,2 h 
630,Kickboxing,737,begginer,45,13.59,2023-11-07 01:00:00.393354,A Kickboxing class,0 h 10 min
631,ABS,1,intermediate,15,14.99,2024-04-14 12:30:00.393354,A ABS class,0 h 30 min
632,Body Pump,647,advanced,18,13.96,2023-07-30 13:00:00.393354,A Body Pump class,0 h 40 min
633,Kickboxing,717,all levels,12,13.62,2024-02-26 23:30:00.393354,A Kickboxing class,0 h 20 min
634,CrossFit,246,intermediate,42,10.61,2023-12-26 02:30:00.393354,A CrossFit class,1 h 30 min
635,Kickboxing,495,intermediate,27,16.38,2023-10-30 03:00:00.393354,A Kickboxing class,1 h 15 min
636,Personalized,519,begginer,47,17.47,2023-06-07 17:00:00.393354,A Personalized class,0 h 5 min
637,Boxing,665,all levels,7,17.52,2024-03-23 22:30:00.393354,A Boxing class,2 h 
638,Body Combat,658,all levels,9,11.28,2023-11-29 12:30:00.393354,A Body Combat class,0 h 35 min
639,Personalized,803,begginer,20,11.31,2023-06-27 01:30:00.393354,A Personalized class,2 h 
640,CrossFit,555,begginer,32,11.88,2024-02-02 19:30:00.393354,A CrossFit class,1 h 10 min
641,HIIT,47,intermediate,28,12.34,2023-06-16 09:00:00.393354,A HIIT class,2 h 
642,Body Combat,726,intermediate,26,13.35,2023-08-22 12:30:00.393354,A Body Combat class,2 h 
643,Barre,193,begginer,29,13.37,2023-09-08 06:30:00.393354,A Barre class,0 h 30 min
644,Other,148,advanced,18,15.9,2023-10-02 08:30:00.393354,A Other class,1 h 10 min
645,ABS,872,begginer,15,13.0,2023-08-03 11:30:00.393354,A ABS class,0 h 35 min
646,Zumba,218,advanced,28,11.73,2024-01-16 09:00:00.393354,A Zumba class,0 h 10 min
647,GAP,762,advanced,13,12.94,2024-05-19 03:30:00.393354,A GAP class,0 h 35 min
648,Zumba,107,intermediate,44,15.73,2023-11-14 01:00:00.393354,A Zumba class,0 h 10 min
649,Other,264,begginer,37,14.36,2024-04-26 04:30:00.393354,A Other class,1 h 10 min
650,GAP,523,all levels,48,11.34,2023-09-04 07:30:00.393354,A GAP class,0 h 55 min
651,Boxing,343,all levels,17,21.44,2024-05-21 21:30:00.393354,A Boxing class,0 h 40 min
652,CrossFit,792,all levels,39,12.19,2023-11-01 00:00:00.393354,A CrossFit class,0 h 20 min
653,Boxing,153,all levels,44,16.42,2023-08-05 20:30:00.393354,A Boxing class,0 h 20 min
654,Zumba,922,all levels,34,17.48,2024-04-19 08:00:00.393354,A Zumba class,2 h 
655,Boxing,939,intermediate,22,14.0,2023-09-16 19:00:00.393354,A Boxing class,2 h 
656,Barre,47,all levels,33,13.8,2023-07-01 20:00:00.393354,A Barre class,2 h 
657,Boxing,250,begginer,26,9.67,2024-05-24 07:30:00.393354,A Boxing class,0 h 20 min
658,Zumba,895,intermediate,22,13.36,2024-01-13 07:30:00.393354,A Zumba class,0 h 10 min
659,Body Pump,792,begginer,12,15.51,2023-07-16 19:00:00.393354,A Body Pump class,1 h 40 min
660,CrossFit,52,intermediate,12,11.79,2023-07-24 17:00:00.393354,A CrossFit class,0 h 10 min
661,CrossFit,84,begginer,11,13.24,2024-01-02 15:30:00.393354,A CrossFit class,1 h 35 min
662,Body Pump,264,advanced,35,12.74,2024-05-26 05:00:00.393354,A Body Pump class,0 h 35 min
663,Pilates,858,advanced,33,14.13,2024-04-27 17:30:00.393354,A Pilates class,1 h 30 min
664,GAP,365,intermediate,20,15.73,2024-02-25 11:30:00.393354,A GAP class,1 h 50 min
665,Zumba,51,advanced,24,13.02,2024-04-17 00:30:00.393354,A Zumba class,2 h 
666,Stretching,720,intermediate,44,11.8,2023-06-12 17:00:00.393354,A Stretching class,1 h 40 min
667,Pilates,704,begginer,21,14.06,2023-12-15 08:30:00.393354,A Pilates class,0 h 30 min
668,Pilates,778,advanced,20,13.71,2024-01-02 01:00:00.393354,A Pilates class,0 h 
669,Body Pump,726,begginer,4,17.33,2023-09-19 10:30:00.393354,A Body Pump class,0 h 30 min
670,Barre,937,advanced,22,14.98,2023-06-15 20:00:00.393354,A Barre class,1 h 55 min
671,Aerobics,439,advanced,21,14.68,2023-08-26 03:30:00.393354,A Aerobics class,1 h 45 min
672,GAP,245,begginer,38,16.15,2024-03-28 02:30:00.393354,A GAP class,0 h 50 min
673,Body Pump,669,intermediate,1,9.54,2024-01-11 17:00:00.393354,A Body Pump class,0 h 40 min
674,CrossFit,949,advanced,44,19.11,2024-02-18 10:00:00.393354,A CrossFit class,1 h 35 min
675,Total Body Conditioning,695,begginer,35,18.03,2023-11-20 18:00:00.393354,A Total Body Conditioning class,1 h 55 min
676,Other,867,advanced,14,17.39,2024-03-26 20:00:00.393354,A Other class,1 h 15 min
677,Kickboxing,176,intermediate,5,12.61,2023-05-28 22:00:00.393354,A Kickboxing class,0 h 15 min
678,Spinning,455,advanced,22,10.51,2023-08-16 21:30:00.393354,A Spinning class,1 h 45 min
679,Body Pump,799,all levels,27,13.04,2024-03-15 03:30:00.393354,A Body Pump class,1 h 30 min
680,Boxing,22,intermediate,4,18.02,2023-10-30 18:00:00.393354,A Boxing class,0 h 
681,Zumba,51,advanced,6,11.74,2023-11-29 02:30:00.393354,A Zumba class,0 h 45 min
682,Zumba,350,all levels,22,14.43,2023-10-06 12:30:00.393354,A Zumba class,0 h 35 min
683,Boxing,762,intermediate,6,14.04,2023-11-19 22:00:00.393354,A Boxing class,2 h 
684,Personalized,147,begginer,12,12.16,2023-09-05 14:00:00.393354,A Personalized class,0 h 45 min
685,Yoga,793,intermediate,44,16.28,2024-04-27 16:30:00.393354,A Yoga class,0 h 45 min
686,Spinning,343,begginer,26,21.09,2024-05-13 09:30:00.393354,A Spinning class,1 h 
687,Other,250,intermediate,4,15.18,2023-06-07 23:30:00.393354,A Other class,0 h 45 min
688,Pilates,971,intermediate,26,14.28,2023-07-13 23:00:00.393354,A Pilates class,0 h 25 min
689,Barre,523,advanced,26,14.03,2023-08-24 20:30:00.393354,A Barre class,1 h 5 min
690,Body Combat,630,intermediate,44,18.23,2023-10-12 02:30:00.393354,A Body Combat class,1 h 
691,Kickboxing,981,all levels,39,12.06,2023-06-07 21:30:00.393354,A Kickboxing class,2 h 
692,Spinning,971,begginer,49,10.97,2023-11-06 20:30:00.393354,A Spinning class,0 h 25 min
693,Body Combat,104,begginer,29,12.38,2024-01-23 05:00:00.393354,A Body Combat class,2 h 
694,GAP,945,intermediate,37,15.37,2023-11-21 01:00:00.393354,A GAP class,2 h 
695,Body Combat,84,all levels,35,11.68,2024-05-04 07:30:00.393354,A Body Combat class,2 h 
696,Spinning,439,all levels,32,16.6,2023-09-02 21:00:00.393354,A Spinning class,2 h 
697,GAP,721,begginer,31,9.44,2024-02-24 21:30:00.393354,A GAP class,2 h 
698,Total Body Conditioning,709,all levels,11,16.84,2024-03-02 19:00:00.393354,A Total Body Conditioning class,2 h 
699,Body Pump,107,advanced,48,13.97,2024-02-18 00:00:00.393354,A Body Pump class,1 h 20 min
700,Other,670,all levels,10,18.2,2023-08-10 08:00:00.393354,A Other class,1 h 45 min
701,Body Pump,258,begginer,6,11.78,2023-11-19 14:30:00.393354,A Body Pump class,1 h 25 min
702,Body Combat,147,advanced,14,16.64,2023-10-10 09:00:00.393354,A Body Combat class,1 h 55 min
703,Other,528,begginer,50,10.05,2023-06-24 15:30:00.393354,A Other class,1 h 10 min
704,Boxing,737,intermediate,7,15.52,2024-05-20 05:30:00.393354,A Boxing class,2 h 
705,Kickboxing,822,intermediate,17,18.77,2023-07-26 01:00:00.393354,A Kickboxing class,0 h 40 min
706,Body Combat,495,intermediate,4,17.92,2024-01-25 06:00:00.393354,A Body Combat class,1 h 30 min
707,Zumba,832,begginer,11,16.04,2023-12-26 02:00:00.393354,A Zumba class,2 h 
708,Personalized,109,all levels,6,14.17,2023-09-27 07:30:00.393354,A Personalized class,0 h 
709,Other,833,advanced,10,12.75,2023-08-01 11:00:00.393354,A Other class,0 h 40 min
710,Barre,441,advanced,23,15.6,2024-02-22 15:00:00.393354,A Barre class,1 h 5 min
711,Barre,574,advanced,50,11.13,2024-02-03 20:30:00.393354,A Barre class,1 h 35 min
712,Zumba,201,all levels,26,10.12,2023-09-05 12:30:00.393354,A Zumba class,0 h 
713,GAP,793,all levels,16,16.51,2023-08-12 04:00:00.393354,A GAP class,2 h 
714,GAP,50,intermediate,36,17.35,2023-10-20 16:00:00.393354,A GAP class,0 h 5 min
715,Total Body Conditioning,898,all levels,9,20.19,2023-10-17 10:00:00.393354,A Total Body Conditioning class,0 h 25 min
716,Spinning,576,advanced,50,16.97,2023-12-08 22:30:00.393354,A Spinning class,2 h 
717,Body Pump,990,begginer,32,13.16,2023-11-10 07:00:00.393354,A Body Pump class,0 h 35 min
718,Yoga,439,advanced,37,13.85,2024-02-09 19:30:00.393354,A Yoga class,0 h 25 min
719,Kickboxing,981,intermediate,28,13.35,2024-01-03 17:00:00.393354,A Kickboxing class,1 h 
720,GAP,623,intermediate,27,13.8,2023-06-25 01:30:00.393354,A GAP class,0 h 55 min
721,Yoga,608,intermediate,4,11.78,2023-06-18 15:00:00.393354,A Yoga class,2 h 
722,Personalized,519,intermediate,46,16.26,2023-07-25 04:30:00.393354,A Personalized class,0 h 25 min
723,Zumba,929,intermediate,27,17.36,2023-10-20 03:30:00.393354,A Zumba class,2 h 
724,CrossFit,343,all levels,12,10.28,2024-04-06 12:00:00.393354,A CrossFit class,2 h 
725,Zumba,990,advanced,44,11.14,2023-08-04 10:30:00.393354,A Zumba class,0 h 45 min
726,Personalized,918,all levels,40,18.58,2023-07-22 02:00:00.393354,A Personalized class,1 h 50 min
727,Other,872,begginer,9,9.05,2023-09-29 01:30:00.393354,A Other class,2 h 
728,Body Combat,744,begginer,28,18.75,2024-03-25 08:30:00.393354,A Body Combat class,0 h 5 min
729,Other,439,begginer,21,13.57,2023-10-26 00:00:00.393354,A Other class,0 h 45 min
730,Body Combat,218,advanced,28,12.75,2024-05-08 15:00:00.393354,A Body Combat class,0 h 30 min
731,Barre,88,intermediate,49,16.53,2023-12-14 21:30:00.393354,A Barre class,2 h 
732,Aerobics,861,all levels,41,16.32,2023-06-22 11:00:00.393354,A Aerobics class,1 h 35 min
733,Zumba,168,all levels,37,9.78,2024-01-28 17:30:00.393354,A Zumba class,1 h 45 min
734,HIIT,776,intermediate,20,15.59,2024-01-17 20:00:00.393354,A HIIT class,0 h 40 min
735,Personalized,275,advanced,39,16.46,2024-03-20 00:00:00.393354,A Personalized class,0 h 25 min
736,Boxing,945,advanced,17,15.41,2023-07-21 08:30:00.393354,A Boxing class,0 h 35 min
737,Kickboxing,867,advanced,2,15.88,2023-09-19 10:00:00.393354,A Kickboxing class,1 h 35 min
738,Personalized,603,intermediate,30,21.03,2024-05-12 05:00:00.393354,A Personalized class,2 h 
739,Boxing,630,advanced,12,14.76,2024-04-07 22:00:00.393354,A Boxing class,1 h 30 min
740,Spinning,608,begginer,12,14.95,2023-11-26 16:00:00.393354,A Spinning class,0 h 10 min
741,HIIT,201,advanced,22,18.35,2024-04-09 21:30:00.393354,A HIIT class,1 h 50 min
742,Barre,724,begginer,10,19.7,2024-04-30 00:00:00.393354,A Barre class,0 h 40 min
743,HIIT,107,all levels,28,13.46,2023-07-09 22:30:00.393354,A HIIT class,0 h 35 min
744,Body Combat,160,all levels,25,15.41,2023-07-15 18:30:00.393354,A Body Combat class,2 h 
745,Zumba,92,intermediate,2,15.77,2023-12-11 14:00:00.393354,A Zumba class,0 h 55 min
746,Yoga,652,advanced,46,16.52,2023-10-22 15:00:00.393354,A Yoga class,2 h 
747,Spinning,442,intermediate,6,17.05,2024-04-15 04:30:00.393354,A Spinning class,2 h 
748,Barre,861,intermediate,23,14.41,2023-08-02 20:30:00.393354,A Barre class,0 h 10 min
749,Boxing,720,all levels,21,10.44,2024-01-02 18:30:00.393354,A Boxing class,2 h 
750,Aerobics,94,advanced,34,12.2,2024-03-06 22:00:00.393354,A Aerobics class,2 h 
751,Spinning,531,begginer,35,15.81,2023-06-26 19:30:00.393354,A Spinning class,0 h 10 min
752,Total Body Conditioning,139,all levels,12,15.52,2023-09-09 19:00:00.393354,A Total Body Conditioning class,0 h 25 min
753,Personalized,18,advanced,22,16.71,2023-10-01 00:00:00.393354,A Personalized class,2 h 
754,Other,724,begginer,25,17.51,2024-05-21 23:30:00.393354,A Other class,0 h 35 min
755,CrossFit,907,all levels,20,15.35,2023-10-31 13:00:00.393354,A CrossFit class,0 h 55 min
756,HIIT,83,begginer,2,12.69,2023-07-22 11:30:00.393354,A HIIT class,0 h 
757,Other,949,all levels,42,13.08,2024-03-03 02:30:00.393354,A Other class,2 h 
758,Personalized,792,begginer,22,8.82,2024-02-05 12:00:00.393354,A Personalized class,1 h 10 min
759,Total Body Conditioning,18,advanced,2,17.01,2023-10-12 16:30:00.393354,A Total Body Conditioning class,0 h 
760,ABS,984,intermediate,28,17.87,2023-12-09 17:30:00.393354,A ABS class,0 h 55 min
761,Body Combat,861,begginer,24,17.86,2023-11-17 07:30:00.393354,A Body Combat class,0 h 15 min
762,Aerobics,168,advanced,7,12.91,2024-02-16 07:00:00.393354,A Aerobics class,0 h 45 min
763,Total Body Conditioning,109,intermediate,25,18.38,2023-08-28 03:30:00.393354,A Total Body Conditioning class,0 h 45 min
764,HIIT,610,begginer,33,12.97,2024-04-03 09:30:00.393354,A HIIT class,2 h 
765,Aerobics,997,all levels,8,8.43,2023-06-04 07:30:00.393354,A Aerobics class,1 h 50 min
766,Aerobics,695,advanced,14,12.45,2024-03-13 06:30:00.393354,A Aerobics class,1 h 5 min
767,Body Pump,441,intermediate,11,13.79,2024-03-22 00:30:00.393354,A Body Pump class,1 h 55 min
768,GAP,139,advanced,8,13.1,2024-01-16 04:00:00.393354,A GAP class,1 h 45 min
769,Pilates,778,begginer,39,7.94,2023-11-17 06:00:00.393354,A Pilates class,0 h 25 min
770,Zumba,715,all levels,29,13.09,2023-10-19 04:00:00.393354,A Zumba class,0 h 25 min
771,GAP,347,begginer,7,12.73,2023-08-23 08:00:00.393354,A GAP class,1 h 5 min
772,Zumba,776,all levels,2,17.81,2024-05-19 02:30:00.393354,A Zumba class,0 h 5 min
773,HIIT,517,advanced,27,13.04,2023-08-14 01:00:00.393354,A HIIT class,0 h 20 min
774,Body Combat,347,advanced,6,11.61,2024-02-07 06:00:00.393354,A Body Combat class,2 h 
775,Spinning,858,all levels,26,13.86,2023-08-19 23:30:00.393354,A Spinning class,2 h 
776,Barre,94,all levels,31,14.14,2023-11-03 14:30:00.393354,A Barre class,2 h 
777,Aerobics,787,intermediate,18,16.4,2024-01-07 14:00:00.393354,A Aerobics class,2 h 
778,Barre,658,begginer,4,14.36,2024-05-10 05:00:00.393354,A Barre class,1 h 
779,Pilates,490,all levels,45,15.3,2023-10-15 05:00:00.393354,A Pilates class,1 h 50 min
780,Aerobics,11,all levels,17,15.05,2023-06-09 11:00:00.393354,A Aerobics class,2 h 
781,Barre,927,intermediate,7,11.67,2024-05-06 14:00:00.393354,A Barre class,2 h 
782,Barre,52,all levels,17,16.43,2024-02-10 05:30:00.393354,A Barre class,1 h 10 min
783,Boxing,685,begginer,48,16.18,2023-07-01 09:30:00.393354,A Boxing class,1 h 55 min
784,Kickboxing,833,intermediate,11,14.04,2023-07-14 04:00:00.393354,A Kickboxing class,2 h 
785,Pilates,837,all levels,18,20.87,2023-09-20 19:30:00.393354,A Pilates class,1 h 5 min
786,Total Body Conditioning,823,begginer,36,14.35,2024-05-11 08:00:00.393354,A Total Body Conditioning class,1 h 50 min
787,ABS,861,begginer,33,11.41,2024-04-04 21:30:00.393354,A ABS class,2 h 
788,Personalized,622,advanced,28,12.19,2023-08-08 00:30:00.393354,A Personalized class,0 h 35 min
789,Stretching,571,begginer,42,10.64,2023-08-28 01:30:00.393354,A Stretching class,0 h 15 min
790,Boxing,347,intermediate,20,13.88,2024-05-06 23:30:00.393354,A Boxing class,1 h 45 min
791,Stretching,258,intermediate,26,14.84,2023-08-26 06:00:00.393354,A Stretching class,0 h 45 min
792,Body Pump,437,advanced,26,13.09,2023-08-21 18:30:00.393354,A Body Pump class,2 h 
793,Barre,495,advanced,47,16.83,2023-12-11 23:00:00.393354,A Barre class,0 h 20 min
794,Zumba,244,advanced,3,20.09,2023-10-13 03:30:00.393354,A Zumba class,2 h 
795,Zumba,27,intermediate,32,16.48,2024-02-20 04:30:00.393354,A Zumba class,0 h 40 min
796,CrossFit,52,intermediate,37,16.72,2023-06-30 12:30:00.393354,A CrossFit class,1 h 15 min
797,Boxing,911,intermediate,27,14.45,2023-10-07 09:00:00.393354,A Boxing class,2 h 
798,Body Pump,801,intermediate,32,19.45,2024-02-26 11:30:00.393354,A Body Pump class,2 h 
799,ABS,442,advanced,6,13.57,2024-04-12 10:30:00.393354,A ABS class,2 h 
800,Aerobics,193,all levels,21,8.18,2024-03-17 19:30:00.393354,A Aerobics class,1 h 30 min
801,Boxing,50,all levels,42,17.65,2023-07-07 14:00:00.393354,A Boxing class,0 h 
802,Boxing,849,intermediate,50,13.26,2023-08-22 15:00:00.393354,A Boxing class,1 h 40 min
803,Aerobics,218,all levels,39,12.98,2023-06-20 10:30:00.393354,A Aerobics class,2 h 
804,Stretching,131,advanced,25,18.84,2024-01-18 05:30:00.393354,A Stretching class,1 h 35 min
805,Other,845,begginer,8,18.08,2023-09-05 15:30:00.393354,A Other class,2 h 
806,Zumba,949,advanced,9,23.61,2023-07-16 19:30:00.393354,A Zumba class,1 h 25 min
807,GAP,524,begginer,21,9.9,2023-07-30 19:30:00.393354,A GAP class,0 h 55 min
808,ABS,94,begginer,28,19.7,2023-08-25 21:00:00.393354,A ABS class,0 h 5 min
809,Pilates,397,begginer,48,10.17,2023-09-10 00:30:00.393354,A Pilates class,2 h 
810,Body Combat,971,advanced,2,12.57,2023-12-21 10:30:00.393354,A Body Combat class,0 h 10 min
811,Body Pump,899,all levels,43,16.21,2023-10-03 02:30:00.393354,A Body Pump class,0 h 40 min
812,Personalized,884,intermediate,4,12.58,2024-04-12 09:30:00.393354,A Personalized class,2 h 
813,Aerobics,258,advanced,4,12.12,2023-07-05 18:30:00.393354,A Aerobics class,1 h 30 min
814,Stretching,470,begginer,47,9.82,2023-09-07 17:30:00.393354,A Stretching class,2 h 
815,Aerobics,630,intermediate,41,11.72,2023-09-09 12:30:00.393354,A Aerobics class,1 h 5 min
816,ABS,52,begginer,42,13.49,2024-04-09 15:00:00.393354,A ABS class,0 h 10 min
817,Body Pump,315,intermediate,17,12.71,2023-07-07 05:00:00.393354,A Body Pump class,2 h 
818,GAP,391,intermediate,37,14.2,2023-08-31 09:30:00.393354,A GAP class,0 h 25 min
819,Body Combat,31,intermediate,25,19.13,2024-05-03 03:30:00.393354,A Body Combat class,2 h 
820,Barre,832,begginer,17,12.29,2024-05-06 22:00:00.393354,A Barre class,0 h 25 min
821,Total Body Conditioning,495,advanced,43,13.93,2023-09-13 16:30:00.393354,A Total Body Conditioning class,1 h 30 min
822,Spinning,686,all levels,14,13.72,2024-01-08 16:30:00.393354,A Spinning class,2 h 
823,Boxing,107,all levels,25,12.6,2023-10-11 06:30:00.393354,A Boxing class,1 h 40 min
824,Stretching,686,all levels,42,15.57,2023-08-01 04:30:00.393354,A Stretching class,2 h 
825,Boxing,603,all levels,43,10.61,2023-08-31 02:30:00.393354,A Boxing class,2 h 
826,Kickboxing,244,advanced,3,19.83,2024-05-19 00:30:00.393354,A Kickboxing class,2 h 
827,HIIT,350,advanced,21,17.25,2023-11-21 00:30:00.393354,A HIIT class,0 h 20 min
828,Barre,517,advanced,25,15.65,2023-11-05 20:00:00.393354,A Barre class,2 h 
829,Body Combat,669,advanced,42,14.61,2023-11-08 06:30:00.393354,A Body Combat class,1 h 5 min
830,Pilates,704,intermediate,40,16.63,2023-12-13 14:00:00.393354,A Pilates class,1 h 20 min
831,Aerobics,27,all levels,48,20.9,2024-01-26 17:30:00.393354,A Aerobics class,0 h 10 min
832,Personalized,322,intermediate,48,17.64,2023-06-14 19:30:00.393354,A Personalized class,2 h 
833,Stretching,931,advanced,13,14.22,2024-02-17 23:00:00.393354,A Stretching class,0 h 55 min
834,Yoga,57,intermediate,13,11.06,2023-06-06 03:30:00.393354,A Yoga class,1 h 45 min
835,Body Pump,250,all levels,26,13.42,2023-11-15 19:30:00.393354,A Body Pump class,1 h 10 min
836,Boxing,720,begginer,36,13.69,2023-08-11 08:30:00.393354,A Boxing class,0 h 
837,Total Body Conditioning,88,all levels,31,12.32,2024-03-30 06:00:00.393354,A Total Body Conditioning class,0 h 40 min
838,Body Combat,918,advanced,4,11.62,2024-02-21 03:30:00.393354,A Body Combat class,2 h 
839,Personalized,524,all levels,24,17.71,2023-08-25 05:00:00.393354,A Personalized class,1 h 50 min
840,Aerobics,182,begginer,17,19.42,2024-01-18 21:00:00.393354,A Aerobics class,0 h 55 min
841,Aerobics,647,intermediate,18,14.3,2023-11-04 10:00:00.393354,A Aerobics class,2 h 
842,Kickboxing,717,advanced,40,10.53,2023-11-09 17:00:00.393354,A Kickboxing class,0 h 5 min
843,HIIT,247,advanced,10,14.94,2023-10-31 12:30:00.393354,A HIIT class,0 h 10 min
844,CrossFit,761,advanced,28,18.7,2024-04-24 15:00:00.393354,A CrossFit class,0 h 20 min
845,Stretching,478,advanced,44,10.01,2024-01-26 10:00:00.393354,A Stretching class,2 h 
846,Other,898,advanced,44,15.86,2024-05-02 10:30:00.393354,A Other class,0 h 5 min
847,Barre,141,begginer,29,19.62,2024-03-17 19:30:00.393354,A Barre class,0 h 15 min
848,Kickboxing,347,all levels,37,12.29,2024-05-13 07:30:00.393354,A Kickboxing class,2 h 
849,Total Body Conditioning,92,begginer,37,16.3,2023-09-14 13:30:00.393354,A Total Body Conditioning class,2 h 
850,HIIT,524,advanced,40,9.81,2023-09-08 06:30:00.393354,A HIIT class,1 h 50 min
851,Body Combat,22,advanced,8,14.9,2024-03-21 11:30:00.393354,A Body Combat class,2 h 
852,Personalized,267,all levels,1,19.7,2023-09-27 19:30:00.393354,A Personalized class,0 h 
853,Stretching,84,intermediate,6,15.52,2023-07-02 13:30:00.393354,A Stretching class,0 h 45 min
854,Body Pump,423,advanced,17,14.02,2023-10-16 15:30:00.393354,A Body Pump class,0 h 15 min
855,Body Pump,315,all levels,35,11.82,2023-09-06 20:30:00.393354,A Body Pump class,1 h 15 min
856,Body Combat,57,advanced,40,18.14,2024-03-30 21:00:00.393354,A Body Combat class,0 h 55 min
857,Pilates,721,all levels,29,17.43,2023-08-06 00:30:00.393354,A Pilates class,1 h 55 min
858,Total Body Conditioning,258,all levels,32,12.93,2023-12-27 20:30:00.393354,A Total Body Conditioning class,1 h 50 min
859,Body Combat,242,begginer,33,9.94,2023-11-13 19:30:00.393354,A Body Combat class,2 h 
860,HIIT,792,all levels,9,20.86,2023-09-13 04:00:00.393354,A HIIT class,2 h 
861,Body Pump,241,advanced,28,12.97,2024-04-25 00:30:00.393354,A Body Pump class,0 h 
862,Body Pump,616,advanced,31,15.78,2024-05-06 10:30:00.393354,A Body Pump class,0 h 15 min
863,Pilates,136,begginer,43,11.98,2024-01-29 23:00:00.393354,A Pilates class,2 h 
864,Body Pump,470,advanced,46,15.74,2023-07-08 13:00:00.393354,A Body Pump class,1 h 5 min
865,Boxing,937,begginer,26,14.32,2024-03-16 14:00:00.393354,A Boxing class,1 h 45 min
866,Other,51,begginer,2,12.46,2023-10-19 15:00:00.393354,A Other class,2 h 
867,Stretching,611,all levels,22,18.59,2023-10-16 23:30:00.393354,A Stretching class,1 h 40 min
868,Kickboxing,264,all levels,40,17.29,2023-08-23 19:30:00.393354,A Kickboxing class,2 h 
869,CrossFit,858,all levels,11,10.37,2024-04-08 07:00:00.393354,A CrossFit class,2 h 
870,Body Combat,704,intermediate,34,15.02,2024-01-11 07:00:00.393354,A Body Combat class,0 h 5 min
871,Yoga,929,begginer,5,6.44,2023-08-25 21:30:00.393354,A Yoga class,1 h 15 min
872,Total Body Conditioning,182,all levels,24,17.92,2023-07-13 16:30:00.393354,A Total Body Conditioning class,1 h 40 min
873,CrossFit,697,intermediate,14,10.87,2023-11-24 16:00:00.393354,A CrossFit class,1 h 
874,GAP,833,advanced,2,17.53,2024-03-24 18:30:00.393354,A GAP class,2 h 
875,Total Body Conditioning,92,advanced,27,14.05,2023-12-17 18:30:00.393354,A Total Body Conditioning class,1 h 10 min
876,Barre,84,all levels,43,14.3,2024-05-25 01:00:00.393354,A Barre class,2 h 
877,Zumba,27,all levels,41,16.77,2024-04-12 17:00:00.393354,A Zumba class,0 h 40 min
878,Spinning,331,all levels,23,11.62,2024-01-05 12:30:00.393354,A Spinning class,0 h 10 min
879,Total Body Conditioning,502,begginer,42,14.52,2024-04-13 08:00:00.393354,A Total Body Conditioning class,0 h 30 min
880,ABS,478,intermediate,44,16.53,2023-06-26 22:00:00.393354,A ABS class,0 h 25 min
881,ABS,141,all levels,30,7.25,2023-08-08 18:30:00.393354,A ABS class,2 h 
882,Body Pump,690,all levels,14,15.65,2023-08-12 21:30:00.393354,A Body Pump class,1 h 30 min
883,Zumba,359,advanced,32,16.89,2023-10-27 16:30:00.393354,A Zumba class,1 h 30 min
884,Pilates,552,begginer,14,10.87,2024-02-05 00:00:00.393354,A Pilates class,1 h 50 min
885,ABS,814,all levels,2,11.14,2023-12-13 13:30:00.393354,A ABS class,1 h 25 min
886,GAP,258,advanced,8,12.88,2024-04-06 11:00:00.393354,A GAP class,1 h 5 min
887,HIIT,989,advanced,9,13.78,2024-02-02 09:30:00.393354,A HIIT class,2 h 
888,Body Pump,121,all levels,45,15.54,2023-05-28 03:00:00.393354,A Body Pump class,2 h 
889,Yoga,574,intermediate,29,20.16,2024-03-09 11:30:00.393354,A Yoga class,2 h 
890,Total Body Conditioning,825,all levels,4,22.0,2023-09-17 10:00:00.393354,A Total Body Conditioning class,2 h 
891,Yoga,776,all levels,12,18.77,2023-07-13 14:00:00.393354,A Yoga class,2 h 
892,Body Combat,104,advanced,23,23.82,2023-05-28 15:00:00.393354,A Body Combat class,0 h 30 min
893,Zumba,15,intermediate,5,18.89,2024-03-27 19:30:00.393354,A Zumba class,0 h 50 min
894,Body Combat,981,begginer,14,13.13,2023-07-18 11:30:00.393354,A Body Combat class,2 h 
895,GAP,147,intermediate,10,13.64,2023-06-08 09:00:00.393354,A GAP class,0 h 20 min
896,Barre,153,all levels,12,8.76,2023-11-04 12:00:00.393354,A Barre class,2 h 
897,Other,109,advanced,34,13.59,2024-05-13 11:30:00.393354,A Other class,0 h 35 min
898,Pilates,622,intermediate,9,18.21,2023-12-05 06:30:00.393354,A Pilates class,1 h 40 min
899,CrossFit,918,intermediate,17,12.06,2023-06-18 13:30:00.393354,A CrossFit class,2 h 
900,ABS,439,advanced,46,15.77,2024-01-11 05:30:00.393354,A ABS class,0 h 35 min
901,Spinning,720,advanced,34,12.7,2023-07-17 17:00:00.393354,A Spinning class,1 h 10 min
902,Body Pump,787,advanced,3,19.19,2024-04-16 15:00:00.393354,A Body Pump class,2 h 
903,CrossFit,531,intermediate,33,15.74,2024-01-25 13:00:00.393354,A CrossFit class,0 h 30 min
904,Barre,927,begginer,48,17.79,2023-08-16 16:00:00.393354,A Barre class,0 h 50 min
905,Kickboxing,176,begginer,25,14.42,2023-09-15 22:00:00.393354,A Kickboxing class,2 h 
906,Body Pump,204,begginer,34,20.08,2023-06-27 18:00:00.393354,A Body Pump class,2 h 
907,Yoga,770,all levels,25,10.7,2023-12-17 08:30:00.393354,A Yoga class,2 h 
908,CrossFit,168,begginer,9,11.2,2023-09-04 00:30:00.393354,A CrossFit class,0 h 30 min
909,Zumba,92,advanced,29,14.39,2023-05-31 14:30:00.393354,A Zumba class,2 h 
910,Body Combat,611,intermediate,43,18.86,2023-06-25 10:30:00.393354,A Body Combat class,1 h 30 min
911,Total Body Conditioning,439,all levels,49,14.64,2023-12-14 19:30:00.393354,A Total Body Conditioning class,2 h 
912,ABS,907,all levels,28,14.89,2023-11-04 09:30:00.393354,A ABS class,1 h 
913,Pilates,337,intermediate,34,15.84,2023-09-20 15:30:00.393354,A Pilates class,0 h 20 min
914,GAP,576,advanced,10,16.99,2023-10-11 06:30:00.393354,A GAP class,2 h 
915,Body Combat,623,advanced,27,14.55,2024-02-24 23:00:00.393354,A Body Combat class,1 h 25 min
916,Pilates,397,begginer,21,15.86,2023-09-06 14:30:00.393354,A Pilates class,1 h 40 min
917,Other,463,begginer,36,14.6,2023-10-16 16:00:00.393354,A Other class,0 h 35 min
918,ABS,997,all levels,46,19.03,2024-02-25 22:00:00.393354,A ABS class,1 h 50 min
919,Total Body Conditioning,715,intermediate,13,11.53,2023-07-19 06:30:00.393354,A Total Body Conditioning class,1 h 20 min
920,Body Pump,793,advanced,21,13.35,2024-02-29 12:30:00.393354,A Body Pump class,0 h 10 min
921,Aerobics,720,intermediate,30,16.68,2024-04-20 12:30:00.393354,A Aerobics class,2 h 
922,CrossFit,898,intermediate,42,14.3,2023-08-17 12:00:00.393354,A CrossFit class,2 h 
923,Pilates,922,begginer,37,15.72,2024-05-22 06:30:00.393354,A Pilates class,2 h 
924,Pilates,623,begginer,15,17.5,2024-04-28 14:00:00.393354,A Pilates class,1 h 40 min
925,Zumba,247,intermediate,30,14.15,2023-09-02 14:00:00.393354,A Zumba class,1 h 40 min
926,Other,27,begginer,40,10.01,2023-11-09 16:00:00.393354,A Other class,1 h 
927,Body Pump,603,begginer,26,15.49,2024-04-12 21:30:00.393354,A Body Pump class,0 h 50 min
928,CrossFit,794,advanced,34,14.06,2023-09-24 15:30:00.393354,A CrossFit class,1 h 25 min
929,Other,610,intermediate,18,12.46,2023-09-27 13:00:00.393354,A Other class,1 h 10 min
930,Barre,895,intermediate,17,13.66,2023-12-04 08:00:00.393354,A Barre class,1 h 5 min
931,Stretching,244,intermediate,15,16.1,2023-11-12 13:00:00.393354,A Stretching class,1 h 10 min
932,Total Body Conditioning,737,intermediate,3,16.56,2023-10-26 14:30:00.393354,A Total Body Conditioning class,0 h 
933,Zumba,845,advanced,11,16.93,2024-01-17 19:30:00.393354,A Zumba class,0 h 35 min
934,HIIT,480,begginer,35,13.73,2023-11-28 15:30:00.393354,A HIIT class,0 h 10 min
935,Yoga,478,begginer,38,12.27,2023-11-07 14:00:00.393354,A Yoga class,2 h 
936,Stretching,490,advanced,45,13.27,2023-12-22 22:00:00.393354,A Stretching class,1 h 5 min
937,Yoga,517,intermediate,24,13.42,2024-03-15 10:00:00.393354,A Yoga class,0 h 15 min
938,Body Combat,903,all levels,49,10.34,2023-10-24 14:30:00.393354,A Body Combat class,1 h 35 min
939,ABS,945,intermediate,3,14.93,2023-06-08 15:00:00.393354,A ABS class,2 h 
940,ABS,911,intermediate,18,15.57,2024-01-15 11:30:00.393354,A ABS class,0 h 50 min
941,Pilates,822,advanced,7,18.49,2023-12-19 23:30:00.393354,A Pilates class,0 h 25 min
942,Pilates,478,intermediate,22,19.08,2023-11-15 19:30:00.393354,A Pilates class,2 h 
943,Yoga,15,begginer,7,18.09,2023-08-28 06:00:00.393354,A Yoga class,2 h 
944,Total Body Conditioning,942,intermediate,31,13.51,2024-02-28 18:30:00.393354,A Total Body Conditioning class,1 h 
945,Personalized,331,intermediate,18,15.12,2023-08-29 09:00:00.393354,A Personalized class,1 h 5 min
946,GAP,166,all levels,37,9.13,2023-11-15 18:30:00.393354,A GAP class,1 h 35 min
947,CrossFit,989,intermediate,34,17.55,2023-08-29 16:30:00.393354,A CrossFit class,1 h 40 min
948,Stretching,616,advanced,5,17.76,2024-03-19 22:00:00.393354,A Stretching class,1 h 5 min
949,Personalized,697,all levels,1,17.67,2023-09-14 05:30:00.393354,A Personalized class,0 h 55 min
950,Body Pump,528,all levels,39,16.65,2023-12-03 06:00:00.393354,A Body Pump class,0 h 
951,Yoga,671,begginer,49,16.52,2023-09-03 10:00:00.393354,A Yoga class,1 h 20 min
952,Kickboxing,148,advanced,11,10.65,2023-06-13 05:00:00.393354,A Kickboxing class,2 h 
953,Yoga,608,begginer,21,15.7,2024-03-17 15:00:00.393354,A Yoga class,1 h 5 min
954,Personalized,787,begginer,31,15.31,2024-02-06 02:30:00.393354,A Personalized class,1 h 50 min
955,Kickboxing,153,begginer,23,10.52,2024-02-23 01:30:00.393354,A Kickboxing class,2 h 
956,GAP,235,begginer,47,15.94,2024-01-17 13:30:00.393354,A GAP class,2 h 
957,Yoga,845,begginer,8,11.25,2024-02-23 11:00:00.393354,A Yoga class,0 h 45 min
958,Yoga,574,begginer,22,10.09,2023-09-29 12:00:00.393354,A Yoga class,2 h 
959,Body Pump,448,intermediate,16,13.48,2024-05-05 07:00:00.393354,A Body Pump class,1 h 40 min
960,ABS,322,all levels,1,12.7,2024-02-29 21:00:00.393354,A ABS class,2 h 
961,Total Body Conditioning,455,begginer,45,17.92,2023-06-24 02:30:00.393354,A Total Body Conditioning class,2 h 
962,Boxing,616,advanced,49,13.73,2024-04-09 16:30:00.393354,A Boxing class,2 h 
963,ABS,669,begginer,7,20.04,2023-12-28 15:00:00.393354,A ABS class,0 h 50 min
964,GAP,365,begginer,48,16.37,2023-08-18 00:00:00.393354,A GAP class,1 h 20 min
965,Kickboxing,545,advanced,22,16.11,2024-04-18 07:00:00.393354,A Kickboxing class,1 h 35 min
966,Zumba,322,advanced,5,15.84,2024-05-01 08:30:00.393354,A Zumba class,1 h 35 min
967,CrossFit,610,intermediate,4,17.25,2024-01-07 05:00:00.393354,A CrossFit class,1 h 20 min
968,Total Body Conditioning,927,advanced,2,14.09,2023-07-07 04:00:00.393354,A Total Body Conditioning class,0 h 5 min
969,Zumba,769,all levels,14,16.14,2024-03-13 22:00:00.393354,A Zumba class,0 h 
970,Body Pump,965,all levels,15,13.08,2023-12-08 15:00:00.393354,A Body Pump class,1 h 45 min
971,ABS,201,all levels,47,23.19,2023-12-06 14:00:00.393354,A ABS class,2 h 
972,Boxing,861,intermediate,31,13.0,2024-05-21 14:30:00.393354,A Boxing class,1 h 35 min
973,Yoga,872,advanced,5,17.73,2023-09-02 08:00:00.393354,A Yoga class,2 h 
974,Yoga,242,advanced,15,18.5,2024-01-17 19:30:00.393354,A Yoga class,1 h 30 min
975,Barre,931,advanced,17,15.71,2023-10-24 15:00:00.393354,A Barre class,1 h 10 min
976,Other,778,all levels,12,15.89,2023-07-29 00:00:00.393354,A Other class,2 h 
977,Boxing,242,advanced,41,11.83,2023-12-11 19:30:00.393354,A Boxing class,2 h 
978,Total Body Conditioning,900,advanced,48,13.4,2023-06-25 16:00:00.393354,A Total Body Conditioning class,1 h 20 min
979,GAP,942,advanced,48,14.5,2023-10-11 19:00:00.393354,A GAP class,1 h 50 min
980,Personalized,290,intermediate,24,18.44,2023-08-12 00:30:00.393354,A Personalized class,0 h 55 min
981,CrossFit,141,all levels,27,10.49,2023-06-14 02:30:00.393354,A CrossFit class,2 h 
982,ABS,395,intermediate,43,13.22,2023-10-13 14:30:00.393354,A ABS class,0 h 35 min
983,Aerobics,658,begginer,42,14.49,2023-06-08 01:30:00.393354,A Aerobics class,1 h 45 min
984,Pilates,931,begginer,40,20.62,2024-04-25 05:00:00.393354,A Pilates class,0 h 40 min
985,Body Pump,365,all levels,23,14.59,2023-11-18 08:00:00.393354,A Body Pump class,0 h 25 min
986,Body Pump,726,begginer,25,15.74,2024-02-12 01:00:00.393354,A Body Pump class,1 h 50 min
987,ABS,439,advanced,8,14.03,2023-12-12 10:00:00.393354,A ABS class,2 h 
988,GAP,787,begginer,41,19.61,2024-05-17 06:00:00.393354,A GAP class,2 h 
989,Boxing,498,all levels,31,15.11,2023-12-19 14:30:00.393354,A Boxing class,2 h 
990,Spinning,153,advanced,44,14.13,2024-04-26 09:30:00.393354,A Spinning class,2 h 
991,ABS,264,advanced,30,12.86,2024-02-03 16:00:00.393354,A ABS class,0 h 50 min
992,ABS,611,intermediate,30,17.12,2023-11-16 21:30:00.393354,A ABS class,0 h 15 min
993,Kickboxing,685,intermediate,20,14.2,2023-10-15 02:00:00.393354,A Kickboxing class,1 h 20 min
994,Spinning,160,begginer,42,18.66,2024-01-22 05:30:00.393354,A Spinning class,1 h 55 min
995,Spinning,193,all levels,13,16.16,2023-11-11 17:00:00.393354,A Spinning class,2 h 
996,GAP,148,advanced,3,14.75,2024-04-18 18:00:00.393354,A GAP class,1 h 45 min
997,Aerobics,104,all levels,46,16.28,2023-07-02 19:30:00.393354,A Aerobics class,0 h 5 min
998,Boxing,945,advanced,41,11.75,2023-09-25 14:00:00.393354,A Boxing class,1 h 5 min
999,Stretching,830,begginer,44,14.53,2023-09-11 12:30:00.393354,A Stretching class,0 h 45 min
