id,password,name,birthdate,city,trainer,gender,age,username
0,plHJfotg2l,Theresa Arnold,1944-08-01,South Tamaraport,False,female,78,theresa_arnold
1,yVnQf1dJl6,Andrew Smith,1998-03-16,South Rachel,False,male,25,andrew_smith
2,xHpEX3KwUA,Jason Houston,1954-09-30,Michelleton,True,male,68,jason_houston
3,UZl4BHtkH5,Nicole Lambert,1998-12-01,Jamieland,True,female,24,nicole_lambert
4,SIZrXNjU5u,Edward Lambert,1969-11-18,Johnsonland,False,male,53,edward_lambert
5,h6ZhAy6SZ7,Michael Hill,1991-12-09,Mcgeeland,False,male,31,michael_hill
6,HQx3oj4CWe,Katherine Jordan,1984-03-30,Port Lindseyshire,False,female,39,katherine_jordan
7,ggE3ox7y4a,Kristen Roach,1995-05-04,Port Jonathanfurt,True,female,28,kristen_roach
8,nDCSP3Zbg4,Emily Hammond,1988-05-11,Bergtown,False,female,35,emily_hammond
9,6lOyGeK6Uj,Jo Lynch,1958-11-28,Carterfort,False,Prefer not to say,64,jo_lynch
10,J2NuGgd5r5,Gregory Black,2004-10-26,North Heather,False,male,18,gregory_black
11,u4n4B1oxz4,Anita Martin,1968-02-23,Robertmouth,True,female,55,anita_martin
12,f786T8bq70,Erik Williams,1997-12-02,West Leah,False,male,25,erik_williams
13,vVoFR69e5C,Caitlin Payne,1962-12-04,Port Luis,False,female,60,caitlin_payne
14,zS7AdAVX7M,Ernest Rivers,1954-08-11,Lake Robertfurt,False,male,68,ernest_rivers
15,Ab6PDGTHSL,Francisco Bennett,1958-01-16,New Kathryn,True,male,65,francisco_bennett
16,zDbCFa2Zvz,Kayla Alexander,1990-05-14,Aaronfort,True,female,33,kayla_alexander
17,Rxv941FVVJ,Henry Daniel,1961-05-30,Port Mark,True,male,61,henry_daniel
18,2BT0wwEu51,Mrs. Christina Graham,1990-05-15,West Victorside,False,Prefer not to say,33,mrs__christina_graham
19,MLoK6bo69i,David Smith,1935-09-13,Kellyland,False,male,87,david_smith
20,m718QNRg0h,Scott Douglas,1965-04-15,Lake Francis,False,male,58,scott_douglas
21,9qQG3MAQg5,Christina Anderson,1988-05-25,Krausemouth,False,female,35,christina_anderson
22,T3YiN8hnWK,Walter Reeves,1969-05-12,Boydshire,True,male,54,walter_reeves
23,G5XNeHEI1V,Jasmine Hubbard,1977-10-10,West Patricia,False,female,45,jasmine_hubbard
24,p7UzS8eAJW,Melissa Li,1933-05-25,Sawyershire,True,female,90,melissa_li
25,iZkuAE21dj,Christopher Hoover,1965-09-24,Rochabury,False,male,57,christopher_hoover
26,wNkBMwY9K7,Jeremy Johnston,1967-08-12,Samanthaview,False,male,55,jeremy_johnston
27,238LBaVulH,Deborah Soto,1949-08-19,Port Billytown,False,female,73,deborah_soto
28,HTn0ZvxHXP,Tyler Barron,1950-07-10,Moorefort,False,Prefer not to say,72,tyler_barron
29,D9ZY3DZ5Cp,Mark Mitchell,1957-11-15,Robinsonfort,False,male,65,mark_mitchell
30,4c6vRhupM4,Janet Snyder,1932-11-20,North Joshualand,False,female,90,janet_snyder
31,CO7bIKok6q,Brandon Mendez,2000-08-20,New Tammyside,False,male,22,brandon_mendez
32,pi1DC5CV16,Kenneth Taylor,1947-11-26,West Melanie,False,male,75,kenneth_taylor
33,UAu9V2Rba5,Mary Harris,1957-01-18,Carrollton,False,Prefer not to say,66,mary_harris
34,AZckjFfvn4,Alexander Hansen,1947-12-16,Micheleton,True,male,75,alexander_hansen
35,oL7vU3ADPJ,Sydney Murray,2001-08-17,Port Brittanyside,False,Prefer not to say,21,sydney_murray
36,NnhvMlW189,Emily Hubbard,1969-12-19,Port George,False,female,53,emily_hubbard
37,kBJ36ayaxV,Garrett Mcintyre,1993-05-14,West Josephview,True,male,30,garrett_mcintyre
38,7qGz2pDfUv,Jasmine Bass,1955-09-02,Port Monicaville,False,female,67,jasmine_bass
39,e7cF8MQFeE,Kristina Torres,1992-05-23,North Heather,False,female,31,kristina_torres
40,nXo7mAfDLq,Melissa Duncan,1961-08-07,Reedberg,False,female,61,melissa_duncan
41,J2D4hFrsaW,Deborah Collins,1944-05-14,North Christopher,False,female,79,deborah_collins
42,KP7MO6eZlf,Mike Kane,1981-03-28,South Louisport,False,male,42,mike_kane
43,I1iT8dYMH6,Hannah Schmidt,1947-12-27,Danielside,False,female,75,hannah_schmidt
44,jo25LQQOgT,Rachael Wilson,1957-04-10,New Timothyfurt,False,female,66,rachael_wilson
45,4RptM5Ae70,Lindsey Schaefer,1970-08-12,Floydshire,False,Prefer not to say,52,lindsey_schaefer
46,aB2nVUzD1z,Anthony Hardin,1935-10-14,Carrieburgh,False,male,87,anthony_hardin
47,AlF6LBNybr,Dalton Schmidt,2007-01-31,Lake Rachel,True,male,16,dalton_schmidt
48,e2fSoRO0rJ,Bill Bush,2006-03-10,Jacquelineburgh,True,male,17,bill_bush
49,LhC5YXlz35,Victoria Stevenson,2001-10-18,East Christopher,True,female,21,victoria_stevenson
50,LDL7OGGopD,David Carter,1975-05-23,Doylebury,False,male,48,david_carter
51,WUyaW66Xsb,Ryan Davis,2002-01-14,Lisahaven,False,Prefer not to say,21,ryan_davis
52,0sO5xAYuEG,Richard Lane,1974-04-09,New Mikaylaburgh,False,male,49,richard_lane
53,U5WIhngHDo,Paul Gordon,1966-03-02,Bentleyview,False,male,57,paul_gordon
54,A5glzPMN1A,John White,1964-12-03,Lake Steven,False,male,58,john_white
55,LQR88xEbKv,Ann Jones,1954-03-02,Kathyburgh,False,female,69,ann_jones
56,sDSt003v9f,Leslie Johnson,1946-11-16,Austinburgh,False,Prefer not to say,76,leslie_johnson
57,0ZT1OYuoVg,Douglas Wilson,1956-11-22,Meganfort,True,male,66,douglas_wilson
58,748KM5PGdy,Kathryn Stewart,1950-08-10,South Jessica,False,female,72,kathryn_stewart
59,yfSlL0oJ0A,Jessica Sandoval,2003-08-04,South Erica,True,female,19,jessica_sandoval
60,QHl1G101YQ,Michele Deleon,1978-11-16,Juanberg,False,female,44,michele_deleon
61,mSzS61CBMM,Debra Thomas,1954-08-17,New Katherinebury,False,female,68,debra_thomas
62,l3ac44KfWF,Robert Browning,1975-02-14,Bethanyside,False,male,48,robert_browning
63,0clzb2fYdR,Roger Hart,1941-12-19,Markhaven,True,male,81,roger_hart
64,aS1vco3wPY,Robert Choi,1961-12-29,Mauriceport,False,male,61,robert_choi
65,8KnhqkSRNh,Joyce Crane,1989-01-15,Lake Alexshire,True,female,34,joyce_crane
66,2O4r717nVW,Andrew Bowman,1991-01-03,Kellybury,True,male,32,andrew_bowman
67,KL6RqQ4H9K,Monica Davis,1968-04-16,Ellishaven,False,female,55,monica_davis
68,GEHWJ7XUFh,Javier Jacobson,1984-09-14,Estradatown,False,Prefer not to say,38,javier_jacobson
69,aVW6TM9dBD,James Gilbert,1952-01-28,Martinezview,False,male,71,james_gilbert
70,YbXBoIMW9E,Kimberly Rivera,1943-03-04,Thomasstad,True,Prefer not to say,80,kimberly_rivera
71,M8uCUN9b0r,Amy Vega,1974-09-23,Lake Gregory,True,female,48,amy_vega
72,CCs25UeSLO,John Romero,1956-03-11,South Deanna,False,male,67,john_romero
73,4K3Ju0PPr7,Elizabeth Anderson,1999-08-05,Sharpfurt,False,female,23,elizabeth_anderson
74,ZUugzez6We,James Estes,1955-03-29,Port Robinside,True,male,68,james_estes
75,FU0H4EZSKq,Miranda Ritter,1981-12-20,South Kevinton,False,female,41,miranda_ritter
76,rufc0k4G97,Hunter Ruiz,1963-10-22,Stephaniemouth,False,Prefer not to say,59,hunter_ruiz
77,MsbC5GzY2g,Tommy Mills,1958-01-18,Rogersmouth,False,male,65,tommy_mills
78,j3T8PJLmq0,Brent Barrett,1977-06-01,New Jessicafort,False,male,45,brent_barrett
79,w3k36WO1TU,Clifford Obrien,1944-12-30,North Chelsea,False,male,78,clifford_obrien
80,1a9yKMtfFR,David Roberts DVM,1971-05-20,Gibbsshire,False,male,52,david_roberts_dvm
81,oGkqrXD8gb,Janice Perez,1976-05-25,Samanthaburgh,False,female,47,janice_perez
82,R0WhM8jlvd,Kevin Dixon,1948-07-17,Cynthiashire,False,male,74,kevin_dixon
83,UW5Xs650Ma,Natalie Jackson,1954-10-25,New Mariamouth,False,female,68,natalie_jackson
84,PR9N4ix4Ah,Zachary Martinez,1976-06-25,Amyfort,False,male,46,zachary_martinez
85,lEZsl1af2k,Cynthia Garcia,1985-08-06,West Angelachester,False,female,37,cynthia_garcia
86,dOCWu2bJaC,Heather Thornton,1955-10-05,Davisbury,True,female,67,heather_thornton
87,28DhCSfQG9,Heather Edwards,1932-06-08,Port Jesse,False,female,90,heather_edwards
88,ALSS0Js7SF,Jennifer Flores,1996-05-01,New Breannabury,False,female,27,jennifer_flores
89,5OzwwQI6Nz,Angela Wilson,1974-07-25,Hoffmanstad,True,female,48,angela_wilson
90,ik8EP6bRqY,Anthony Nelson,1938-04-10,South Pamela,False,male,85,anthony_nelson
91,f10fx4PuZ3,Travis Smith,1981-12-22,Rodriguezville,False,male,41,travis_smith
92,4Mo3q7pLeA,Aaron Johnson,1992-01-30,Kellybury,False,male,31,aaron_johnson
93,rKzSDG79iP,Michelle Gallegos,1963-10-26,South Aaronton,False,female,59,michelle_gallegos
94,FJCTyOah58,William Butler,1964-06-10,Lake Nathaniel,False,male,58,william_butler
95,bEU0uJRoSA,Andrea Gomez DVM,1977-11-21,Robinsonville,False,female,45,andrea_gomez_dvm
96,BCmOyj33An,Natalie Sutton,2007-11-07,Sanderstown,False,female,15,natalie_sutton
97,J4u504pM51,Leonard Richards,1976-02-12,Lake Joshuamouth,False,male,47,leonard_richards
98,KWtYagYtm6,Debra Velasquez,1948-01-26,North Nicholasview,False,female,75,debra_velasquez
99,z3z5yJ6TfZ,Christopher Huffman,1960-05-20,Michealfurt,False,male,63,christopher_huffman
100,90HFxe673n,Marcus Travis,1984-02-13,East Mercedes,False,male,39,marcus_travis
101,ydBNV6Z3Sl,Emily Callahan,2001-05-28,Cooperview,False,female,21,emily_callahan
102,RDQBC0ofYk,James Green,1952-05-28,Philipbury,False,male,70,james_green
103,1LhCgFFxUY,Miguel Miller,1990-05-09,North Carlosside,True,male,33,miguel_miller
104,eXNBG3uOWc,Regina Price,1988-02-25,Alyssaville,True,female,35,regina_price
105,wO7FRcxQQ1,Jack Allen,1936-11-16,Lake Saraborough,False,male,86,jack_allen
106,94vsoqYG96,Kyle Henderson,1996-09-03,Josephchester,True,Prefer not to say,26,kyle_henderson
107,2MkI0eUOOv,Juan Figueroa,1980-05-23,Walterfurt,False,male,43,juan_figueroa
108,ov5MlwTgcu,Robert Nicholson,1981-12-28,Robertsfort,False,male,41,robert_nicholson
109,0lRneYFJDS,Anthony Brown,1997-01-24,Lewisfort,False,male,26,anthony_brown
110,7lgYXZD2Mq,Jean Santos,2006-03-31,Martinville,True,male,17,jean_santos
111,WFv5A4HJAj,Frank Martin,1940-01-17,West Jasmine,False,male,83,frank_martin
112,cILFIUg8zh,Jeffrey Lopez,2005-06-12,Christianshire,False,male,17,jeffrey_lopez
113,N2kCG5SNHl,Lance Rodgers,1938-06-29,Tatemouth,False,male,84,lance_rodgers
114,SCKQO5CQNX,Eric Matthews Jr.,1932-10-12,New Laurenbury,False,male,90,eric_matthews_jr_
115,5n7CMG3lLT,Diana Moore,2008-01-22,New Rachelchester,False,female,15,diana_moore
116,SYCfng914i,Daniel Cooper,2008-12-27,Lopezchester,False,male,14,daniel_cooper
117,8pEVb6SF4T,Anthony Wright,1944-06-13,Port Brendabury,False,male,78,anthony_wright
118,WG1NNap7oU,Dominique Wagner,1983-08-14,Palmerport,False,Prefer not to say,39,dominique_wagner
119,Wd08ctW2o2,Andrew Lopez,1954-09-23,Quinnburgh,False,male,68,andrew_lopez
120,kTFymDw0BD,Jonathan Robinson,1940-08-06,Deniseview,False,male,82,jonathan_robinson
121,70ZpFBbE4V,Beth Pacheco,1953-06-25,Brendaview,False,female,69,beth_pacheco
122,RQX9FNFsK3,Leslie Joyce,1981-12-26,Port Gloria,False,Prefer not to say,41,leslie_joyce
123,8Ym4GvD4OK,Marie Brown,1950-08-26,West Sheila,False,female,72,marie_brown
124,Ofsm3mQcE0,Brian Cisneros,1953-07-19,Lake Roberto,False,male,69,brian_cisneros
125,gLFU7fOoFy,Alexander Sampson,2006-03-04,West Benjamin,True,male,17,alexander_sampson
126,S6HASQE53C,Monica Parker,2002-05-23,Thompsonland,False,female,21,monica_parker
127,Br1w1Ynhtm,Jeremy Johnson,2006-09-19,New Katherineland,False,male,16,jeremy_johnson
128,S2SzZW6eNW,Christie Grant,1942-02-23,Robertmouth,False,Prefer not to say,81,christie_grant
129,oy7pXaz5R4,Robert Webster,1978-12-08,Paceton,False,male,44,robert_webster
130,Vf73S5Wrnb,Raymond Lozano PhD,1951-03-20,New Samanthatown,False,male,72,raymond_lozano_phd
131,eLwZK70lK6,Megan Lowe,1999-08-30,Pattersonfort,False,female,23,megan_lowe
132,RyG5vGRSi0,Rachel Flores,2008-04-01,Smithbury,False,female,15,rachel_flores
133,wfB3N28hQY,Dr. Nicole Jackson,1977-02-03,West Carolynberg,False,Prefer not to say,46,dr__nicole_jackson
134,5DtSK5m2RB,Stephanie Freeman,1941-01-24,Moralesville,True,female,82,stephanie_freeman
135,7R6yfyMZod,Marvin Perry,2005-12-26,Craigview,False,male,17,marvin_perry
136,S6Qy5SnbMe,Sara Logan,1994-10-13,Nicholsonchester,False,female,28,sara_logan
137,rMwIHyuG3M,Angela Roberts,1953-12-18,North Samanthastad,False,female,69,angela_roberts
138,epHJaOUH4h,Amanda Williams DDS,2002-08-23,Robinberg,False,female,20,amanda_williams_dds
139,gmqgVDX3X2,Brandon Wagner,1937-07-29,New Shelbyborough,True,male,85,brandon_wagner
140,YDe6ThbDTP,Wendy Freeman,1962-02-23,Oconnellbury,False,female,61,wendy_freeman
141,6q8fTTqDML,Ashley Martin,1950-09-30,Taylormouth,False,Prefer not to say,72,ashley_martin
142,53u0y2GnJv,James Williams,1988-07-17,West Nicholasfurt,True,male,34,james_williams
143,Uc9iVjlDUX,Matthew Gay,1994-03-09,Port Jennifer,True,male,29,matthew_gay
144,8C7NMIq248,Richard Manning,1996-04-28,Shahside,False,male,27,richard_manning
145,o3yGRz6ruw,Christy Calhoun,1988-05-16,Kimberlybury,False,female,35,christy_calhoun
146,xBit3R5gzW,Andrew Gonzales,1943-01-05,South Alyssa,True,male,80,andrew_gonzales
147,HfdT8iuvL0,Pamela Vincent,2005-07-24,Brownberg,False,female,17,pamela_vincent
148,Mlm1Cu8iQ9,Anne Combs,1997-10-19,Lake Yolanda,False,female,25,anne_combs
149,2j9VRxXQ8I,Chad Garcia,2003-03-22,East Thomasmouth,False,male,20,chad_garcia
150,FflVkJ582K,Laura Stewart,1969-06-17,Jadechester,False,female,53,laura_stewart
151,6t5oDCUct4,Adam Johnson,1992-06-10,East Natalie,False,male,30,adam_johnson
152,6j8kT4KIWO,Sydney Lewis,1979-01-18,Clarkview,False,Prefer not to say,44,sydney_lewis
153,nD3faAa0wU,Christina Arroyo,1990-09-04,Marshtown,False,female,32,christina_arroyo
154,he3zsnUXjC,Ricky Young,1946-06-21,Port James,False,male,76,ricky_young
155,xdTXu5zN6A,Brian Brady,1963-03-13,Powellport,False,male,60,brian_brady
156,4j6p9eVonX,Cindy Soto,1996-05-20,Hillbury,False,female,27,cindy_soto
157,1x83TwlOnW,James Edwards,1987-12-16,Normantown,False,male,35,james_edwards
158,HSaOY1f7RK,David Richardson,1957-06-03,Leview,False,male,65,david_richardson
159,BBhw7NGVHQ,Melanie Allen,1957-03-13,South Kyle,False,female,66,melanie_allen
160,6OeNBf3OKT,Brooke Clark,1992-11-03,East Shannon,True,female,30,brooke_clark
161,Mz3gL4vKWy,Wayne Wiggins,1983-03-13,Vernonton,False,male,40,wayne_wiggins
162,o1081peQQi,Crystal Williams,2006-05-08,Escobarfort,False,female,17,crystal_williams
163,A5QUqFr8Fu,David Johnson,1937-10-02,New Joel,True,male,85,david_johnson
164,9hyzcEnQNT,Lindsey Simmons,1939-06-30,Wesleyfurt,False,Prefer not to say,83,lindsey_simmons
165,W0MGf8aHgK,Dennis Tucker,2004-01-17,West Dean,False,male,19,dennis_tucker
166,zVgdTqMl0G,Blake Nelson,1972-01-06,East Yvonne,False,Prefer not to say,51,blake_nelson
167,FDr17nS0b0,Nancy Franco,1996-09-27,Stephenville,False,female,26,nancy_franco
168,KEHAayh89V,Dominique Middleton,1971-10-06,West Omar,True,Prefer not to say,51,dominique_middleton
169,Ed7Mn3iNW5,Alexis Barrett,1968-02-19,South Robertland,False,male,55,alexis_barrett
170,64uYIvwpw2,Eric Lee,2003-01-01,West Marymouth,True,male,20,eric_lee
171,0965UR1keB,Molly Hinton,1947-05-10,New Bridget,False,female,76,molly_hinton
172,7OJqvUH9z3,Christopher Krueger,1984-01-13,Toddside,False,male,39,christopher_krueger
173,eCRP9HPtDD,Dr. Angela Clark,1955-09-18,Craigstad,False,Prefer not to say,67,dr__angela_clark
174,iC5cMrc1Le,Valerie Weaver,1933-12-30,Rosemouth,False,female,89,valerie_weaver
175,1uaukj7SMd,Cynthia Ellis,2003-12-07,New Paulmouth,False,female,19,cynthia_ellis
176,GT4JTL597F,Cheryl Williams,1997-05-27,Luisbury,False,female,25,cheryl_williams
177,NGk0hEuL09,Nicholas Gonzalez,1967-10-07,Aaronland,True,male,55,nicholas_gonzalez
178,Aef5aGBFT0,Natasha Ball,1978-03-13,Lake Bonnie,False,female,45,natasha_ball
179,qWRr300Bku,Jennifer Taylor,1974-04-05,Frankville,False,female,49,jennifer_taylor
180,U0zV5UGawB,Elizabeth Smith,1949-09-21,North Robinburgh,True,female,73,elizabeth_smith
181,pOrF62Kzv6,Lawrence Hancock,1950-07-13,North Stevenville,False,male,72,lawrence_hancock
182,bg6lg8HrKG,Tracy Smith,1965-05-15,Port Nancy,False,Prefer not to say,58,tracy_smith
183,5FfFjYWwhQ,John Snyder,1980-09-15,Lucasfort,True,male,42,john_snyder
184,lCrBj4fe3p,Cameron Robinson,1946-12-25,East Dawn,False,Prefer not to say,76,cameron_robinson
185,FOklfm9aCT,Joseph Allen,1957-04-21,West Thomas,False,male,66,joseph_allen
186,6DksncDVA5,Karen Conrad,1970-10-24,Oliviaport,False,female,52,karen_conrad
187,2zfCYWUwSo,Todd Anderson,1940-02-22,Byrdtown,False,male,83,todd_anderson
188,ld9sJsig0I,Amanda Morales,1969-04-06,West Heather,False,female,54,amanda_morales
189,0GhYen6pTL,Benjamin Webb,1944-04-23,Karenshire,False,male,79,benjamin_webb
190,E0JO9YsDIv,Susan Jackson,1971-07-30,Jessicaville,True,female,51,susan_jackson
191,KhcEU3HsSS,Daniel Gates,1992-09-27,Port Stevenmouth,False,male,30,daniel_gates
192,9PLs7ydYm8,Joseph Moore,1983-02-06,Ricardomouth,False,male,40,joseph_moore
193,kDPfId6z6j,John Olson,1958-10-09,Mullinsbury,True,male,64,john_olson
194,YI5iy2coB0,Robert White,2002-01-11,West Mary,False,male,21,robert_white
195,1vvrqIoJCP,Michael Larson,1974-12-09,South Jaredview,False,male,48,michael_larson
196,v30BuHm86H,Tammy Frost,1985-03-13,Gonzalezburgh,False,female,38,tammy_frost
197,2FGFomijsI,Jay Bryan,2008-09-18,Stephenshire,False,male,14,jay_bryan
198,Cuk40FJDcD,Nathaniel Hurst,1980-12-23,New Elizabethhaven,False,male,42,nathaniel_hurst
199,jqp5wU0XlT,Philip Fernandez,1997-08-15,Nelsonburgh,False,male,25,philip_fernandez
200,VkN7FTH2j0,Cheryl Williams,1992-02-11,Jenniferport,False,female,31,cheryl_williams
201,DFcKHkik9e,Maurice Allison,1940-04-18,Lake Logan,False,male,83,maurice_allison
202,6NegYzF1kg,Jeffery Powell,1951-10-21,South Theresaborough,True,male,71,jeffery_powell
203,xVGnOmdK58,Nathaniel Johnson,1996-05-08,Brandonport,True,male,27,nathaniel_johnson
204,bPY9BR7Q2y,Michael Owen,1940-05-21,Williamschester,False,male,83,michael_owen
205,Q4Wc2jZ1m7,Crystal Dawson,1934-01-29,New Willie,False,female,89,crystal_dawson
206,3WEwsDBfmc,Casey Riley,2004-02-20,Port Bethanyport,False,Prefer not to say,19,casey_riley
207,WN3kzT2MmT,Betty Buchanan,1948-07-12,Trevinoburgh,False,female,74,betty_buchanan
208,CJJV40mgTt,Robin Cox,1991-07-14,Jamesstad,False,Prefer not to say,31,robin_cox
209,etEl2nWZEj,Mark Russell,1963-01-05,Rossport,True,male,60,mark_russell
210,aWu9Z7SxO5,Juan Burns,1989-03-13,Robinborough,False,male,34,juan_burns
211,qVB96yyR69,Heather Jones,1981-03-29,South David,False,female,42,heather_jones
212,PyNOAxKy41,Kyle Hood,1955-11-10,Huffmanmouth,False,Prefer not to say,67,kyle_hood
213,dX4wXea1k6,Krista Welch,1976-01-04,New Chad,False,female,47,krista_welch
214,02R9lHDmTq,Jane Hughes,1940-11-28,East Kevinbury,False,female,82,jane_hughes
215,8oGh5sJrj8,Alex Obrien,2003-07-19,Port Rachelshire,False,male,19,alex_obrien
216,DJHSURdt61,Mary Vargas,1938-05-20,Michelleview,False,Prefer not to say,85,mary_vargas
217,hT1r6m081G,Lisa Williams,1988-08-24,East Jerry,False,female,34,lisa_williams
218,3Tx31FclkL,Jeanette Ibarra,1969-01-19,Thomasview,False,female,54,jeanette_ibarra
219,AZBYf60Rc7,Lee Phillips,1970-09-29,West Larry,False,Prefer not to say,52,lee_phillips
220,yrP6rtRZ75,Margaret Nelson,1991-05-07,East Laurashire,True,female,32,margaret_nelson
221,ouqWIV2jpH,Matthew Valenzuela,1981-02-08,Lindseymouth,False,male,42,matthew_valenzuela
222,qeLf0cbLy7,Adam Davis,1972-12-04,South Jeffreyshire,False,male,50,adam_davis
223,BsKG1nSM54,Cassandra Hernandez,1999-02-19,Port Katherine,False,female,24,cassandra_hernandez
224,8n8EUCgFyq,Valerie Bennett,1994-01-14,Soliston,True,female,29,valerie_bennett
225,xUy6Ms6B25,Christopher Reyes,2008-11-03,Pamelachester,False,male,14,christopher_reyes
226,FSa7WMxbBk,Christine Taylor,1961-02-03,West Samantha,False,female,62,christine_taylor
227,6mJH7JVLnu,Michelle Velasquez MD,1992-07-01,West Brittany,False,female,30,michelle_velasquez_md
228,X81QPug6ou,Shari Mcmahon,1996-10-13,North Kennethborough,False,female,26,shari_mcmahon
229,CYg4bd5ATJ,Brian Molina,1962-09-23,Davidsonstad,False,male,60,brian_molina
230,Ja6bQ7EKfx,Donna Walker,1974-12-10,Bowmanborough,False,female,48,donna_walker
231,xf434A9Knv,Jacob Lewis,1966-01-06,Garychester,False,male,57,jacob_lewis
232,lfNJxJHv24,Elizabeth Smith,1942-09-04,Katherinefort,False,female,80,elizabeth_smith
233,Jkmy1D9n22,Matthew Gibbs,1965-08-21,Benjaminshire,False,male,57,matthew_gibbs
234,9L4DibymPJ,Meghan Smith,1958-09-09,Gomezville,True,female,64,meghan_smith
235,9JzKqHJZ09,Tina Oliver,2001-03-13,North Jose,False,female,22,tina_oliver
236,s5H4qVIh9a,Jennifer Nguyen,1976-04-21,East Loriport,False,female,47,jennifer_nguyen
237,Ba08fJTMzG,Mrs. Holly Torres,1992-07-20,Greenebury,False,Prefer not to say,30,mrs__holly_torres
238,13IXO72pwO,David Andrews,1967-08-10,Ryanmouth,False,male,55,david_andrews
239,KXi5MS8jL3,Amy Franklin,1988-05-01,East Henryhaven,False,female,35,amy_franklin
240,PK7rCPgIfw,Anita Oliver,1955-10-29,South Victor,False,female,67,anita_oliver
241,2kOZZOJ4Ka,Jackie Martinez,1969-04-15,South Samanthaborough,False,Prefer not to say,54,jackie_martinez
242,PEz8zkaFNe,Andrew Rubio,1939-06-15,Matthewsview,False,male,83,andrew_rubio
243,9wl1QBQPyi,Deanna Mcpherson,1993-09-12,East Carrie,True,female,29,deanna_mcpherson
244,u19l7vlFfE,Sarah Garcia,2007-12-07,Curtisshire,False,female,15,sarah_garcia
245,uTpDJI2cmw,Anthony James,1978-03-02,Lake Jesse,True,male,45,anthony_james
246,CIm5D7q0Ys,Paul Cooke,2008-01-17,Sallyland,False,male,15,paul_cooke
247,BPG9IrfA22,Jennifer Ayala,1971-10-10,Port Joseph,False,female,51,jennifer_ayala
248,hYaWD6ikcL,Henry Warren,1977-09-26,Garciastad,False,male,45,henry_warren
249,Gju03GDZtc,Tara Scott,1978-03-07,Edwardhaven,False,female,45,tara_scott
250,D94iBCFLVp,Pamela Moreno,1950-09-06,Lewismouth,False,female,72,pamela_moreno
251,MCl5PcNnig,Deanna Wolfe,1935-10-15,Andreamouth,False,female,87,deanna_wolfe
252,bM7NoB93S4,Gavin Chavez,1954-12-29,Richardville,False,male,68,gavin_chavez
253,u8k3H5FWoT,Jessica Boyd,2004-03-08,East Davidmouth,False,female,19,jessica_boyd
254,hKRrgyQL46,Kathleen Wright,1932-12-16,East Mary,False,female,90,kathleen_wright
255,1LJcxwQryj,Melanie Mclean,1948-12-14,Garciaside,False,female,74,melanie_mclean
256,V2X8ANuyt8,Gabriel Ray,1998-08-20,Cookmouth,False,male,24,gabriel_ray
257,CX0FcGziBO,Ricardo Hill,1955-03-11,Nicoleberg,False,male,68,ricardo_hill
258,A1FgDzET40,Steven Franco,1952-08-18,North Mark,False,male,70,steven_franco
259,xdtYa7m8tB,Tammy Frank,1961-04-05,Hessborough,False,female,62,tammy_frank
260,OE7uzeM1Ko,Arthur Morrison,2004-07-09,Mistychester,False,male,18,arthur_morrison
261,vt26lJo4oI,Amanda Obrien,1950-09-16,South Spencer,True,female,72,amanda_obrien
262,8GDiOTrP1M,David Benjamin,1946-05-08,Ericshire,False,male,77,david_benjamin
263,w8J3If5Mw0,Sonya Dodson,1983-01-11,Barnesbury,False,female,40,sonya_dodson
264,ywIX1dNpP1,John Vargas,1949-11-23,Lake Angelaport,False,male,73,john_vargas
265,m0ptn3MsuY,Toni Clements,1959-01-19,East Adrian,True,male,64,toni_clements
266,p3zdfkYoXd,Matthew Hines,1975-04-16,Hughestown,False,male,48,matthew_hines
267,UG8Fc13yT4,Tracy Arroyo,1990-03-27,Berryton,False,Prefer not to say,33,tracy_arroyo
268,z8V090Xz9U,Erica Phelps MD,1944-01-01,Griffinmouth,False,female,79,erica_phelps_md
269,ZLlgDD2y88,Danielle Huerta,1985-05-28,Port David,False,female,37,danielle_huerta
270,oN7m3RZYLw,Thomas Contreras,1963-10-17,Richardsonfort,True,male,59,thomas_contreras
271,Yr5VfZ3Y4H,Elizabeth Jackson,1990-02-08,Martinstad,False,female,33,elizabeth_jackson
272,fOh4bEblND,Jason Meyers,1962-09-14,East Rayhaven,False,male,60,jason_meyers
273,lm7yIT3kxu,Kim Hatfield,1954-11-07,Spencerport,False,Prefer not to say,68,kim_hatfield
274,LYPR20Qc1H,Jessica Allen,1963-05-24,Markport,False,female,60,jessica_allen
275,7NMgbOhmLt,Grace Herman,1934-04-11,Christophermouth,False,female,89,grace_herman
276,syBY4HjdMS,Anthony Roth,1995-01-01,North Alvin,False,male,28,anthony_roth
277,THJwFSo6Vl,Aaron Gonzales,2007-10-22,Victormouth,False,male,15,aaron_gonzales
278,Tkj6MOnsSi,Karen Warren,1998-06-04,New Stephen,False,female,24,karen_warren
279,lJ2vToaDc9,Laura Rodriguez,1994-10-23,Ramseyview,True,female,28,laura_rodriguez
280,98CiRkaLxJ,Brian Mitchell,1970-09-19,Diazborough,False,male,52,brian_mitchell
281,QmfqNSN21b,Angel Villarreal,2000-05-16,West Kevinland,False,male,23,angel_villarreal
282,oiAFNe1C3L,Bethany Lee,1947-03-26,Rosemouth,False,female,76,bethany_lee
283,4cJE73K4x7,Joshua Sullivan,1961-02-16,North Lisamouth,False,male,62,joshua_sullivan
284,fk4aN6VW5v,Sharon Martin,2004-09-19,East Heather,False,female,18,sharon_martin
285,Fdoj07h5ZM,Victor Scott,2008-08-13,Fordmouth,False,male,14,victor_scott
286,bQLAwT6WqW,Dan Edwards,1977-03-27,South John,False,male,46,dan_edwards
287,fw91K51geo,Joseph Savage,1949-04-24,New Meghan,False,male,74,joseph_savage
288,KGz9Q0L8Lx,Amanda Prince,1934-12-02,Port Morganland,False,female,88,amanda_prince
289,F3iG4BCuQw,Sharon Miller,1954-05-31,Port Annastad,False,female,68,sharon_miller
290,m8FuHEnz0E,Matthew Smith,1935-01-12,Leahchester,False,male,88,matthew_smith
291,zBs9evdHG9,Benjamin Cohen,1994-01-31,Donaldsonborough,True,male,29,benjamin_cohen
292,2GL1lLrz0b,James Dickson,1979-06-13,Mackhaven,False,male,43,james_dickson
293,mgQj2Ir6Zm,Breanna Williams,1942-04-09,New Eric,True,female,81,breanna_williams
294,AoCnh7o5GM,Meghan Pruitt,1983-10-23,Lake Tony,False,female,39,meghan_pruitt
295,QvzMsOX59k,William Kelley,1939-05-12,Dylanland,False,male,84,william_kelley
296,6l6ErdiPKS,Morgan Stout,1938-12-12,Brooketown,False,Prefer not to say,84,morgan_stout
297,iOUhPFD90Q,Vanessa Gardner,1970-08-19,Tristanshire,False,female,52,vanessa_gardner
298,EiVrdliA1X,Darrell Hicks,1973-09-11,Robertoshire,False,male,49,darrell_hicks
299,4hd9wac9eQ,Destiny Thomas,2005-04-03,South Jody,False,female,18,destiny_thomas
300,v4GY5vwBEl,Philip Schmitt,1965-06-28,West Christopherfort,False,male,57,philip_schmitt
301,4GX0jBF6DN,Matthew Lopez,1981-03-26,Angelahaven,True,male,42,matthew_lopez
302,SzZi3f7X64,David Dickerson,1979-12-30,Shannonfort,False,male,43,david_dickerson
303,MQf3DRXrSa,Scott Taylor,1946-05-21,West Sarahstad,False,male,77,scott_taylor
304,ezUNfBDI20,Raymond Davis,1956-08-09,Patrickland,False,male,66,raymond_davis
305,Hg7Z7mW0Ws,David Blake,2004-06-25,Suzanneport,False,male,18,david_blake
306,UZRdDJ1ulf,Christine Mann,1982-02-02,East Andrea,True,female,41,christine_mann
307,yEE340vCn7,Joseph Cobb,2002-12-05,Jenniferbury,True,male,20,joseph_cobb
308,ci0zb4ZNR8,Emily Chapman,1975-08-20,Beckchester,False,female,47,emily_chapman
309,VexnS5sSLc,Rebecca Brown,1946-04-07,Smithmouth,False,female,77,rebecca_brown
310,zs2Tls4J3O,Erin Hill,1986-04-23,South Evelyntown,False,Prefer not to say,37,erin_hill
311,PO7gf1ZcTG,Kristina Leach,1945-02-14,West Sean,False,female,78,kristina_leach
312,v0Si9KglIL,Robin Farrell,1984-11-13,New Raymond,False,Prefer not to say,38,robin_farrell
313,NNBeh6QmNQ,Michael Gilmore,1975-02-09,Robertsonborough,False,male,48,michael_gilmore
314,uaxu8DhMmy,Elizabeth Wood,1978-07-10,Teresaton,True,female,44,elizabeth_wood
315,25BV7uFkSF,Ashley Choi,1978-05-14,East Renee,False,Prefer not to say,45,ashley_choi
316,b2dcSLOn58,Michael Johnson,1956-01-31,Bennettburgh,False,male,67,michael_johnson
317,jw3J3l7dCk,Dr. Christine James,1959-07-20,Clarkchester,False,Prefer not to say,63,dr__christine_james
318,FXoxB7M4TN,Megan Robinson,2001-01-28,Deleonstad,False,female,22,megan_robinson
319,wnMlR9J2MZ,Alexandria Booth,1965-01-18,South Brittanyborough,False,female,58,alexandria_booth
320,h8do5uTLSw,Casey Carter,1993-08-14,Weberhaven,True,Prefer not to say,29,casey_carter
321,Tm3Le8wpbf,Maxwell Washington,1988-01-14,Lake Donnabury,True,male,35,maxwell_washington
322,Fw3U7q8TMt,Raymond Brady,1956-12-19,South Barbaraton,False,male,66,raymond_brady
323,rE5U563WA5,Michael Wells,1973-05-14,Port Sarahville,False,male,50,michael_wells
324,f4C3qPIqlm,Johnny Benjamin,1988-06-03,Shepardton,False,male,34,johnny_benjamin
325,inJxO3n7qP,Tammy Parker,1984-12-31,North Shanetown,False,female,38,tammy_parker
326,ANVK9p4q0u,Steven Cunningham,2004-03-03,Adrianfort,True,male,19,steven_cunningham
327,1RwI0xL2dT,Renee Garcia,1967-03-09,Williamsfurt,False,female,56,renee_garcia
328,FU10PA1Ntc,Nicholas Walters,1987-09-23,Gibsontown,False,male,35,nicholas_walters
329,RNXRGCB9dE,Anne Hernandez,1937-11-20,South Carolview,False,female,85,anne_hernandez
330,CRLoGO2jX5,Kristina Martinez,1950-06-26,Lake Coreyside,True,female,72,kristina_martinez
331,WCXM6kwuHy,Kimberly Kelly,1971-12-29,South Brittany,False,Prefer not to say,51,kimberly_kelly
332,DvRv309K6N,Alexandra Webster DDS,1982-06-29,Robertston,False,female,40,alexandra_webster_dds
333,9B1i9Zp6XB,Elizabeth Bass,1936-06-03,Michelefort,False,female,86,elizabeth_bass
334,s2kbZA20Th,Courtney Keith,1935-05-02,Hartmanview,True,Prefer not to say,88,courtney_keith
335,Jz7Bn0pMZI,Andrew Miller,1969-02-26,South Katherineshire,False,male,54,andrew_miller
336,f58T7DJJkO,Elizabeth Williams,2006-01-28,Lake Rebecca,False,female,17,elizabeth_williams
337,py3oUAfiv3,Michael Glenn,1994-10-13,South Debbie,True,male,28,michael_glenn
338,166V75RfcV,Brian Shepherd,1966-09-23,Changport,False,male,56,brian_shepherd
339,K6wNmLR13A,Riley Crane,2006-09-09,Robinsonville,False,Prefer not to say,16,riley_crane
340,qVg707147Q,Mark Torres,2005-09-16,East Tyler,False,male,17,mark_torres
341,ICH1BCxSP1,Mr. Anthony Greer,1939-08-29,Port Christophermouth,False,Prefer not to say,83,mr__anthony_greer
342,KAljd83Etn,Sheri Shields,2001-11-29,Smithport,True,female,21,sheri_shields
343,f8VS3YpHy7,Charlotte Williams,1970-12-03,Laurieville,False,female,52,charlotte_williams
344,qNZyHt1EvP,Grant Cole,1937-06-04,Virginiafort,False,male,85,grant_cole
345,l97O5uV236,Ashley Martinez,1989-07-03,South Ericside,False,Prefer not to say,33,ashley_martinez
346,Z7NBI3YQGK,Morgan Ellis,1958-07-23,Tracyshire,True,Prefer not to say,64,morgan_ellis
347,tD8uM7GtXg,Mandy Ellis,1968-12-14,Torresstad,False,female,54,mandy_ellis
348,hsXa7Aaye2,Thomas Lee,1939-06-04,West Carrie,False,male,83,thomas_lee
349,rKuHsmk9Zp,Angel Gomez,1980-06-16,Gallowayport,False,male,42,angel_gomez
350,mYQjc3oVOt,Lydia Henderson,1979-10-23,North Ashleyborough,False,female,43,lydia_henderson
351,EsQU9t91wE,Tony Holland,1996-02-20,East Stephanietown,False,male,27,tony_holland
352,6JDIij0y35,Larry Martinez,1967-12-14,Alanmouth,False,male,55,larry_martinez
353,Hp7OSltD1Q,Daniel Rice,1960-10-26,Andersonchester,False,male,62,daniel_rice
354,GLGUTJ4lDW,Kelly Johnston,1939-03-29,North Stephanie,False,Prefer not to say,84,kelly_johnston
355,C3DZEmeiIY,Cynthia Holmes,1933-11-10,Gregfort,False,female,89,cynthia_holmes
356,rtmBNPXFp7,Darlene Mitchell,1937-05-28,East Jeffreyfort,False,female,85,darlene_mitchell
357,lPu5EgBtDM,Sarah Gonzales,1992-07-03,Harperview,True,female,30,sarah_gonzales
358,2H5vaBiJ7S,Anthony Shepard,1948-11-23,Port Stephaniebury,False,male,74,anthony_shepard
359,H9EZw6pwaq,John Shepard,2002-09-16,Donnaland,True,male,20,john_shepard
360,Xd4SoGy97T,Daniel Scott,1981-07-05,Victorberg,False,male,41,daniel_scott
361,9yVoH2FHTl,Christopher Bullock,1996-03-17,Port Kathy,False,male,27,christopher_bullock
362,vVA5CaFLc0,Julie Bowers,1955-01-18,West Craig,False,female,68,julie_bowers
363,DExx4aUe9m,Michelle Drake,1955-02-27,West Brian,False,female,68,michelle_drake
364,1bebIKWDzs,Michael Snow,1968-08-29,Scottmouth,False,male,54,michael_snow
365,pwO73t9zLM,Ashley Walker,1991-06-10,Pierceport,True,Prefer not to say,31,ashley_walker
366,zEQ8euhUFk,Barbara Lane,1948-08-30,East Jillchester,False,female,74,barbara_lane
367,TqGB0X0eh1,Tammy Silva,1990-12-15,Letown,False,female,32,tammy_silva
368,9fFL2fpUn3,Ryan Jones,2000-10-15,Lake Stephanie,True,Prefer not to say,22,ryan_jones
369,xzvGVjU4Ki,Christina Fleming,1985-02-06,Rollinsburgh,False,female,38,christina_fleming
370,vNOso3OVTz,Donald Reyes,2006-08-10,New Mitchellborough,False,male,16,donald_reyes
371,MEN5eFgpTo,Susan Hood,1958-12-29,Christopherville,False,female,64,susan_hood
372,infI6lZtvq,Shannon Johnson,1985-04-15,Johnsonland,False,Prefer not to say,38,shannon_johnson
373,bq6j6l4OZt,Ronald Herrera,1932-08-09,Lake Lorettatown,False,male,90,ronald_herrera
374,U9EhLTDsSB,Alan Allen,1936-03-06,Carlsonborough,False,male,87,alan_allen
375,rf2ubI4BlS,Mario Jackson,1981-06-22,Melissaside,False,male,41,mario_jackson
376,QT2XqIGcEE,Darrell Li,1947-07-05,Ashleyport,True,male,75,darrell_li
377,75osSH76ya,Karen Silva,1984-06-02,South Jennifer,False,female,38,karen_silva
378,BvTQ8jcdNZ,Mark Long,1985-07-11,West Rachelland,False,male,37,mark_long
379,89rbEl1TNo,Sarah Mcgee,1953-05-23,South Colleenstad,False,female,70,sarah_mcgee
380,sH9zEGSs2H,Hayden Baker,1969-03-09,Estradaland,False,Prefer not to say,54,hayden_baker
381,QFG2K6fk6r,Vanessa Zamora,1941-07-16,Susanville,False,female,81,vanessa_zamora
382,e5bMFQJ78L,Elizabeth Ruiz,1992-10-11,East Alexa,False,female,30,elizabeth_ruiz
383,x5ZYcjkOMs,Stacy Shea,1988-03-23,Garciaview,False,Prefer not to say,35,stacy_shea
384,vjGXSOY5UT,Jeremy Skinner,1932-10-16,Port Meganview,False,male,90,jeremy_skinner
385,bJY0F0lCNe,Alexander Elliott,1992-04-06,Lindseyview,False,male,31,alexander_elliott
386,0tizcPkJ6p,Jerry Martin,1982-11-04,West Steven,False,male,40,jerry_martin
387,udAUR6ct18,Maria Medina,1945-11-29,Steinside,False,female,77,maria_medina
388,ZxA88D8sWj,Aaron Cooper,1975-09-18,Emilyland,False,male,47,aaron_cooper
389,TcDE6tMu4s,Debbie Snyder,2008-12-30,South Margaret,False,female,14,debbie_snyder
390,KylVA7O50y,Jennifer Smith,1985-05-19,South Kimberly,False,female,38,jennifer_smith
391,vMJVUz70Xv,Jennifer Johnson,1978-09-06,Kylieview,False,female,44,jennifer_johnson
392,Q74m2ifMXI,Brenda Silva,1941-03-07,Robinsonville,False,female,82,brenda_silva
393,f50hkY0R4Y,Warren Garcia,1990-09-15,West Amandamouth,False,male,32,warren_garcia
394,biY7Uu3hQw,Richard Hill,1991-11-19,South Jamieton,False,male,31,richard_hill
395,HsJHD4eeNP,Rebecca Waters,1995-04-15,Katelynbury,False,female,28,rebecca_waters
396,xdTKgY21TK,Kenneth Henderson,1948-03-06,Bradyshire,False,male,75,kenneth_henderson
397,gfI1dK63dG,Maria Arias,1973-10-23,Mcclurefurt,False,female,49,maria_arias
398,BoN53e4323,Linda Diaz,1953-07-14,South Richardville,False,female,69,linda_diaz
399,KRM3IlMDAd,Kenneth Sparks,1978-05-19,East Darrenmouth,False,male,45,kenneth_sparks
400,hTBaq1Ll97,Erin Blackburn,1963-11-23,Staceystad,False,Prefer not to say,59,erin_blackburn
401,UECTJeh47P,Heather Garcia,1942-11-04,South Noah,False,female,80,heather_garcia
402,D9KTT3yqQ1,Timothy Ford,1949-09-08,Shannonborough,False,male,73,timothy_ford
403,TYpa9jaSaG,Mr. Allen Haas MD,1986-01-18,Lake Derekfurt,False,Prefer not to say,37,mr__allen_haas_md
404,kCDdNDe3pN,Joseph Bradley,2008-02-17,Ronnieberg,False,male,15,joseph_bradley
405,FD251duNmk,William Crawford,1978-07-30,Lake Jefferyview,False,male,44,william_crawford
406,O9EZagR8pA,Kendra Duncan,2000-07-03,Aaronmouth,False,female,22,kendra_duncan
407,KT5pV62iCa,Katie Fitzpatrick,1984-02-17,Loweview,False,female,39,katie_fitzpatrick
408,9TzJvZUciN,Jennifer Snyder,1941-12-31,Kingfort,False,female,81,jennifer_snyder
409,R0hVZKQG1V,Stephen Allison,1994-09-25,Perryberg,False,male,28,stephen_allison
410,94g9LcQ8Dx,Marie Chavez,1955-06-21,Steveberg,False,female,67,marie_chavez
411,I1pGBM2Uh8,Cheryl Edwards,1994-11-29,Sarahstad,True,female,28,cheryl_edwards
412,XhA0sQRM7a,Philip Wallace,1944-09-07,Aguilarmouth,False,male,78,philip_wallace
413,KnGiKKz7W6,Brett Olson,1958-04-25,West Vanessa,True,male,65,brett_olson
414,zuEQR2LQY8,Kathy Taylor,1937-11-10,Johnsontown,False,female,85,kathy_taylor
415,4Nw5y56Z2W,Thomas Collins,1949-12-21,New Jamesborough,True,male,73,thomas_collins
416,TlURxjof3V,Amanda Ramirez,1960-10-10,New Jennifer,False,female,62,amanda_ramirez
417,vEcCKY4Fwx,Kelly Collins,1949-11-28,Lake Lisa,False,Prefer not to say,73,kelly_collins
418,YMNaH9zDL8,Steven Simpson,1941-07-29,Prestonfort,True,male,81,steven_simpson
419,atZ1HoYIx4,Mary Jackson,1966-10-13,Gonzalezmouth,False,Prefer not to say,56,mary_jackson
420,YJPIoJeYs3,Stephanie Flores,1936-01-31,Ruthshire,True,female,87,stephanie_flores
421,pQLc2kOTz6,Travis Underwood,1976-02-25,West Shelby,False,male,47,travis_underwood
422,XKFxzR15ss,Heidi Jacobs,1952-04-23,Robertfort,True,female,71,heidi_jacobs
423,wEDH5xb281,Angela Chang,1992-11-29,East Amanda,False,female,30,angela_chang
424,vV4FT7MmGE,Max Thompson,1977-05-28,East Lisa,True,male,45,max_thompson
425,2ZOW4vj6Ip,Michael Clark,1955-06-26,Port Danielland,True,male,67,michael_clark
426,mNKNK0rUIs,Stephanie Davis,1933-05-22,Parkshire,True,female,90,stephanie_davis
427,U57kbU84lC,Henry Brooks,1957-10-21,West Jimmytown,False,male,65,henry_brooks
428,HvdXsN6B38,Jill Robinson,1954-07-21,Lake Williamland,False,female,68,jill_robinson
429,Ooy1HAUVBV,Judy Young,2008-03-14,Lake Bobby,False,female,15,judy_young
430,Zti2hvAk6B,Jessica Taylor,2002-10-30,Port Kimberlyview,False,female,20,jessica_taylor
431,qIMzGikZU0,Luis Meyer,1985-02-04,West Ashleytown,False,male,38,luis_meyer
432,t3dilHnnS3,Charles Gonzalez,1944-05-10,Reedton,False,male,79,charles_gonzalez
433,fv2UdMQaAe,Jason Robinson,1993-05-21,East Tiffanyshire,False,male,30,jason_robinson
434,vAOVNkE44H,David Frey,1969-08-28,Janetshire,False,male,53,david_frey
435,6HPdwRcjoj,Shannon May,1975-03-08,Smithbury,True,Prefer not to say,48,shannon_may
436,bSe8d5LaXo,Ashley Miller,1950-09-13,East Susanberg,False,Prefer not to say,72,ashley_miller
437,zkr56KuxJz,Mrs. Samantha Campbell,1974-10-01,South Kylemouth,False,Prefer not to say,48,mrs__samantha_campbell
438,qBgfDO4foC,Rodney Fuller,1945-04-22,South Anthony,False,male,78,rodney_fuller
439,8ZB92jMSZE,Megan Avila,1996-07-26,Porterview,False,female,26,megan_avila
440,N67BPIbvtW,Lacey Scott,1933-09-03,Hallland,False,female,89,lacey_scott
441,ZH3lKENiX6,Ariana Chung,1933-08-01,Hodgesmouth,False,female,89,ariana_chung
442,rHAZ3i9leO,Stephen Garcia,1978-02-02,Kerribury,False,male,45,stephen_garcia
443,siOiBha17V,Brittany Rivera,1972-10-29,North Erikafort,False,female,50,brittany_rivera
444,v77OnFFIeb,Brian Robinson,1961-05-08,Hughestown,False,male,62,brian_robinson
445,AE8Xfq39ZD,Kristen Grimes,1969-07-27,South Patriciafort,False,female,53,kristen_grimes
446,87fvIEPwyq,Lindsey Miller,2009-05-14,Pereztown,False,Prefer not to say,14,lindsey_miller
447,FFjVeCFw14,Mrs. Susan Ballard,1964-06-15,Lewisside,False,Prefer not to say,58,mrs__susan_ballard
448,kd0AoiGpL0,Brady Parker,1987-07-04,Zimmermanmouth,False,male,35,brady_parker
449,LquE2wGqBv,Timothy Fernandez,1958-07-01,Riverabury,False,male,64,timothy_fernandez
450,f03LAdTA5W,Kendra Green,1948-11-01,Lake Jimmyborough,False,female,74,kendra_green
451,CdNWbV3k1m,Jennifer Spence MD,1948-07-15,North Nicholashaven,False,female,74,jennifer_spence_md
452,X22EHWhtFu,Rodney Koch,1977-01-14,New Ariana,False,male,46,rodney_koch
453,NrB5CgQ3H6,Randy Gibson,1963-01-07,Port Mary,True,Prefer not to say,60,randy_gibson
454,KarrCQZW2N,Danielle Schmidt,1935-08-28,Adamberg,True,female,87,danielle_schmidt
455,YYFSX8XEW6,Benjamin Mendoza,1996-06-29,West Lorifort,False,male,26,benjamin_mendoza
456,NrMKELVC6o,Katherine Roberson,1949-12-22,North Kellyville,False,female,73,katherine_roberson
457,IR0UCBO9oG,Molly Avery,1966-10-27,South Chelseaborough,False,female,56,molly_avery
458,JAU1BRv501,James Caldwell,1963-01-09,New Dennis,False,male,60,james_caldwell
459,uSo7xEJW9G,Christine Clark,1982-06-08,Jimenezside,False,female,40,christine_clark
460,xmkRrgfj5A,Lucas Adams,2002-01-09,Perryside,False,male,21,lucas_adams
461,oE2XjVvd0v,Victoria Spence,1942-05-16,Port Davidborough,False,female,81,victoria_spence
462,bKn1TPX5ch,Heather Henry,1997-02-20,Pottermouth,False,female,26,heather_henry
463,JNfHFT04Cz,Kyle Reese,2004-03-20,Jessicafurt,False,Prefer not to say,19,kyle_reese
464,Yk8d3ITCA3,Meagan Jackson,1963-08-08,Burgessburgh,False,female,59,meagan_jackson
465,xxg2VZYxg0,Kenneth Bolton,1984-07-15,West Natalie,True,male,38,kenneth_bolton
466,a8tQd2xNoq,David Hall,1984-06-13,North Bryanshire,True,male,38,david_hall
467,duB8O5Jgfl,Michael Duran,1970-04-21,Martinbury,False,male,53,michael_duran
468,D8gTDcK0kX,Cody Knight,1993-03-30,West Paul,False,Prefer not to say,30,cody_knight
469,Vjn0NvfaBj,Kristie Brooks,1993-02-24,West Samuel,False,female,30,kristie_brooks
470,sD8EyhxF9C,Yvette Davis,1968-06-29,Heberttown,False,female,54,yvette_davis
471,ijJ4thhkUQ,Ellen Mitchell,1987-01-28,Stewartfort,False,female,36,ellen_mitchell
472,dk4FWX4jPL,Jason Ruiz,1981-05-31,Johnborough,False,male,41,jason_ruiz
473,OM4xO8TeE4,Samantha Lewis,1958-05-30,Scottfurt,False,female,64,samantha_lewis
474,WRrekl7S1K,Colleen Bell,1952-03-10,Samuelton,True,female,71,colleen_bell
475,zsHmu9KId9,Joseph Conway,1986-12-16,New Carla,False,male,36,joseph_conway
476,83uwWCiBxm,Zachary Adams,1955-08-06,Hollowayshire,False,male,67,zachary_adams
477,cE3de7aRFO,Michael Wilson,1936-10-19,Port Melanie,False,male,86,michael_wilson
478,VAEBM8afjg,Matthew Franco,1977-09-20,East Paulshire,False,male,45,matthew_franco
479,L7E74R1tsC,Erica Sanchez,1985-10-21,Juliehaven,False,female,37,erica_sanchez
480,1OQOnnKHM2,Megan Olson,1997-12-03,West Michaelstad,False,female,25,megan_olson
481,M70ZqJYTIG,Teresa Welch,1933-09-19,Grahamhaven,False,female,89,teresa_welch
482,KGhRZ73E96,Vanessa Vega,1999-02-17,Taylorburgh,True,female,24,vanessa_vega
483,QTp25TckRO,Patricia Russo,2008-02-20,Lake Melissamouth,False,female,15,patricia_russo
484,Y6c4B7DE0b,Jenny Mcintosh,1963-06-19,Laurenmouth,False,female,59,jenny_mcintosh
485,It6RhnnWl7,Anthony Molina,1942-06-10,New Adamfort,False,male,80,anthony_molina
486,0PnXw01zrt,Diane Petersen,1933-12-18,North Paulamouth,False,female,89,diane_petersen
487,GjsHES2XWy,James Moreno,1943-07-15,Raymondside,False,male,79,james_moreno
488,AEf0Ts774c,David Rivera,1985-06-24,North Peter,False,male,37,david_rivera
489,On8ACw65WP,Karen Jimenez,1966-05-28,North John,False,female,56,karen_jimenez
490,3XCMrhnJfJ,Stephanie Turner,1939-01-08,Donaldfurt,False,female,84,stephanie_turner
491,A5CmSY2W2e,Matthew Brown,1949-05-26,New Priscilla,False,male,74,matthew_brown
492,63tYlR90oq,Robin Rivera,1958-07-05,Gallegosburgh,True,Prefer not to say,64,robin_rivera
493,hz1ADu7cdM,Aaron Sherman,1974-01-07,Courtneyfort,True,male,49,aaron_sherman
494,D3sNaT23Up,Traci Sims,1933-04-10,Schultzview,False,female,90,traci_sims
495,VU3hhvCNy7,Randy Clark,2002-10-13,Frederickbury,True,Prefer not to say,20,randy_clark
496,4WrQUR2gW2,Morgan Stark,1981-07-27,Pereztown,True,Prefer not to say,41,morgan_stark
497,1IUJmyAYTK,Mr. Michael Jones,1970-06-09,Brownland,True,Prefer not to say,52,mr__michael_jones
498,6sTgFOy5MG,Thomas Davis,2008-06-12,Webbfurt,False,male,14,thomas_davis
499,o5RZJRZ0OC,Jessica Evans,1982-10-18,Bensonfurt,True,female,40,jessica_evans
500,0yKUge9awX,Tiffany Miller,1953-12-26,Lake Danielshire,True,female,69,tiffany_miller
501,78jewHDW5B,Ricky Rodgers,1940-05-10,New Danielhaven,False,male,83,ricky_rodgers
502,XX2bDi7kbw,Joseph Watts,1998-12-23,Jefferyview,False,male,24,joseph_watts
503,T99xrkAYtw,Christopher Jackson,1955-10-13,Charlesmouth,False,male,67,christopher_jackson
504,FOsoI6f48L,Christine Deleon,2000-10-01,Gilmoretown,True,female,22,christine_deleon
505,e7Y4ZOwQ2V,Pamela Edwards,1992-11-09,Port Sandraport,True,female,30,pamela_edwards
506,Hd50P8wp5w,Mary Gardner,1959-09-06,Port Leah,False,Prefer not to say,63,mary_gardner
507,9OG8oxQAUi,Don Reed,1960-03-20,Samuelside,False,male,63,don_reed
508,CCX13I7O7S,Abigail Shannon,1960-10-27,East Lorifort,False,female,62,abigail_shannon
509,h2F3kQ8fO1,Amy Allen,1976-03-05,Billberg,False,female,47,amy_allen
510,PmUgFBmj1c,Brittany Ross,2007-11-09,Silvaborough,False,female,15,brittany_ross
511,twEoYD68ey,Dawn Anthony,1955-10-28,East Kelly,False,female,67,dawn_anthony
512,I5tQHqYSi6,Christopher Galvan,1947-07-15,Davidside,False,male,75,christopher_galvan
513,V0QvAKH7JV,Andrew Owen,2006-10-09,Benjaminborough,False,male,16,andrew_owen
514,oNJlO84RV9,Robert Clayton,2004-05-09,Justinchester,False,male,19,robert_clayton
515,wgUXT4T83I,Michael Lambert,1939-12-23,Williamhaven,False,male,83,michael_lambert
516,3vL2AfwoNc,Sarah Johnson,2003-09-10,Shafferhaven,False,female,19,sarah_johnson
517,8YG8E46E90,Laura Turner,2003-12-26,Allisonburgh,False,female,19,laura_turner
518,bx1CqjO78c,Kimberly Martin,1990-08-24,Vaughnport,False,Prefer not to say,32,kimberly_martin
519,aZ7oSEkMNl,Vickie Hartman,1965-08-27,East Tony,False,female,57,vickie_hartman
520,t0VZ5WWBuS,Christopher Johnson,1948-12-11,Kathryntown,False,male,74,christopher_johnson
521,iWLhIo7rqk,Susan Wolf,1954-10-11,Patrickview,True,female,68,susan_wolf
522,7nm3CXL6GE,Megan Sparks,1972-06-08,West Ronaldfurt,False,female,50,megan_sparks
523,syy2VQh5GC,Barry Rodriguez,1945-03-23,East Nicholas,False,male,78,barry_rodriguez
524,736VF6Ucdo,Danielle Acevedo,1978-01-01,East Michelle,False,female,45,danielle_acevedo
525,PiFK8IHv1D,Albert Stewart,1984-12-24,Lake Justin,False,male,38,albert_stewart
526,dAE2LqwZ5H,Angela Mccarthy,1965-09-06,Sanchezbury,False,female,57,angela_mccarthy
527,Vy1AbJYcp7,Nathan Richards,1982-06-04,South Courtneystad,False,male,40,nathan_richards
528,6FiD0OWpu7,Leslie Burgess,1989-04-15,Lake Tiffanyburgh,True,Prefer not to say,34,leslie_burgess
529,oyjJWBYl3G,Brandy Hickman,1982-05-21,East Candacebury,False,Prefer not to say,41,brandy_hickman
530,AYKetZ11Fd,Richard Wilson,1986-09-30,East Matthewchester,False,male,36,richard_wilson
531,wC87IXFu2i,Kristin Salazar,2001-08-09,Davisview,False,female,21,kristin_salazar
532,6kiRJNz0XZ,Kayla Roberts,1991-10-18,Garciastad,False,female,31,kayla_roberts
533,gCUq7nDeob,Robert Jimenez,1978-02-25,Port Kristin,False,male,45,robert_jimenez
534,QebZ3RyHQD,Jennifer Jackson,1989-05-06,Maymouth,True,female,34,jennifer_jackson
535,Qtz2dvgCvX,Jordan Gonzalez,1988-10-29,Danaborough,False,male,34,jordan_gonzalez
536,NLhJ7nO1Ug,Christina Diaz,1962-08-16,Port Michael,False,female,60,christina_diaz
537,uWPpyPHXB0,Charles Cherry,1957-09-25,Franklinbury,True,male,65,charles_cherry
538,oKcGF3xbJE,Jorge Green,2006-11-11,South Wayne,False,male,16,jorge_green
539,c4mH11Y9BL,Mr. Gregory Craig MD,1955-01-05,Maymouth,True,Prefer not to say,68,mr__gregory_craig_md
540,UDI7ZRo1UT,Margaret Sandoval,2008-04-15,Walkerland,False,female,15,margaret_sandoval
541,ZopZW6hUZY,Christopher Martin,1952-04-07,Mcphersonland,False,male,71,christopher_martin
542,7DEQq9UR1S,Claudia Ryan,1989-02-05,East Angela,True,female,34,claudia_ryan
543,qi9KT8PraY,Sharon Johnson,1996-02-01,West Sue,False,female,27,sharon_johnson
544,qc9f8aPnVW,Brandon Hansen,2008-04-09,Houstonchester,False,male,15,brandon_hansen
545,b50TTVpVNL,Kathleen Meza,1972-07-10,Ellenbury,True,female,50,kathleen_meza
546,t0CB40dPlD,Samantha Thomas,1964-05-17,Port April,True,female,59,samantha_thomas
547,wWy7DIk26t,Logan Thomas,1998-02-15,New David,True,Prefer not to say,25,logan_thomas
548,1KS07fhDbO,Elizabeth Cabrera,1952-05-23,Andrewfort,False,female,71,elizabeth_cabrera
549,TPSr15BM7y,Stephen Kirk,1975-12-16,Lorrainetown,False,male,47,stephen_kirk
550,B4vtGkGs6r,William Woods,1967-08-15,Veronicaville,False,male,55,william_woods
551,5LLVpC6M4I,Michael Mcguire,2004-04-14,Goodwinberg,False,male,19,michael_mcguire
552,8HzCPDIO7i,David Wolfe,1957-04-19,Webbhaven,True,male,66,david_wolfe
553,vzyczAv3E2,Terry Johnson,1979-07-24,Jessicashire,False,Prefer not to say,43,terry_johnson
554,qm1cgK5swC,Nancy Frost,1941-02-12,North Sherribury,False,female,82,nancy_frost
555,Mg8S5G5L5e,Lori Martinez,1993-05-28,East Ruthberg,False,female,29,lori_martinez
556,Q8WPR8HOuU,Katrina Garcia,1978-02-18,New Michaelmouth,False,female,45,katrina_garcia
557,CxGbyLUst8,Michelle Hall MD,1979-03-16,West Kevin,False,female,44,michelle_hall_md
558,Ibf7kG9Gm6,Richard Anderson,1939-04-03,New Michael,False,male,84,richard_anderson
559,FG3krCFurg,Sarah Fernandez,1997-05-04,Port Paula,True,female,26,sarah_fernandez
560,654Zv8ECL9,Matthew Wallace,1989-05-15,Patrickstad,True,male,34,matthew_wallace
561,1V17MxJ0B9,Sara Clark,1944-06-24,New Devin,False,female,78,sara_clark
562,ofSyzVBHU6,Carrie Jensen,1959-11-08,North Adamshire,True,female,63,carrie_jensen
563,z3EqrtI01n,Alan Norman,2007-08-07,New Bonnieside,False,male,15,alan_norman
564,tV86E27HmY,Jennifer Adams,1941-07-19,Lake Diana,False,female,81,jennifer_adams
565,1GPz8Bhvni,Craig Proctor,1945-04-21,Maryburgh,False,male,78,craig_proctor
566,NNMb7Q921i,Gene Parker,1949-02-01,New Chris,False,Prefer not to say,74,gene_parker
567,o3NyoW95wS,Pamela Morgan,1961-05-15,New William,False,female,62,pamela_morgan
568,7Xx2ltYVwF,Ryan Wu,1985-01-14,Lake Joshuaview,False,Prefer not to say,38,ryan_wu
569,pEz1KJwXVR,Samantha Lee,1947-03-02,North Gregorymouth,False,female,76,samantha_lee
570,25BAmjoy9W,Crystal Roth,1978-10-21,Hernandezshire,True,female,44,crystal_roth
571,2WYMy7SWTa,Cheryl Becker,1984-09-16,Marquezshire,False,female,38,cheryl_becker
572,TJdw2T1MoA,Frank Mitchell,1973-05-11,West Sarahchester,False,male,50,frank_mitchell
573,YIj2uzaS3s,Jessica Scott,1989-04-03,West Frank,False,female,34,jessica_scott
574,0XMGu9ytFW,Katie Robinson,1956-12-03,West Blake,False,female,66,katie_robinson
575,QAxCby0Yj0,Melissa Smith,1945-04-24,Robertmouth,False,female,78,melissa_smith
576,KYCKtzD261,Tammy Graves,2004-10-16,Bowmanmouth,False,female,18,tammy_graves
577,6eMMdviN7M,Anthony Hill,1958-12-11,New Kyleton,True,male,64,anthony_hill
578,Yo7l6w4Uy2,Jon Byrd,1937-07-04,Alexisland,False,male,85,jon_byrd
579,ZB2SKU7NZ2,Anthony Barrett,1994-02-17,Clementshaven,False,male,29,anthony_barrett
580,C85xr1aIRx,Melissa Campbell,1946-03-23,North Jacobstad,False,female,77,melissa_campbell
581,67A7UoDxKv,Steven Allison,1964-03-11,Cynthiafurt,True,male,59,steven_allison
582,9HnDllUwJN,Michael Thomas,1935-11-08,Garyton,False,male,87,michael_thomas
583,Iz5I3UdtkW,Anne Smith,1975-03-11,East Christina,True,female,48,anne_smith
584,xJuM7dJu54,Brandon Tucker,1958-10-04,Charlesmouth,False,male,64,brandon_tucker
585,2U6tZpCZLF,Anthony Brown,1968-01-31,West Jamesshire,True,male,55,anthony_brown
586,Owf8cwIP5h,Ashley Hernandez,1965-08-24,Lake Mistyfort,False,Prefer not to say,57,ashley_hernandez
587,714np7Lvi9,Makayla Moore,1961-09-03,Victoriashire,False,female,61,makayla_moore
588,Frx2ioHMD5,Jason Gutierrez,1997-06-22,West Chloe,False,male,25,jason_gutierrez
589,CnL49kQGQO,Christopher Thompson,1960-04-19,Smithshire,False,male,63,christopher_thompson
590,iWkA746C1K,Jared Romero,1981-04-27,New Emma,False,male,42,jared_romero
591,H96sXC5ZOJ,Christy Wiggins,1972-09-01,Phillipsmouth,False,female,50,christy_wiggins
592,G7uQC6Euut,Matthew White,1947-05-26,East Bonniemouth,True,male,76,matthew_white
593,Co00iNpfvD,Michael Owens,1986-10-05,Donaldport,False,male,36,michael_owens
594,dIq24KdrLe,Daniel Robinson,2001-01-24,Port Keith,True,male,22,daniel_robinson
595,PQqvtZO1VY,Christopher Cook,1972-12-06,Lake Juan,False,male,50,christopher_cook
596,Fv985rPjET,Kerry Gibbs,1971-02-21,Port Lisa,False,Prefer not to say,52,kerry_gibbs
597,3HWJxai8aF,Elizabeth Franklin,1989-05-31,Michaelchester,False,female,33,elizabeth_franklin
598,sSd7D0cSAc,Anna Kennedy,1982-08-26,Davisbury,False,female,40,anna_kennedy
599,LZR5d6zWHk,Amber Blankenship,1970-01-30,Millerborough,False,female,53,amber_blankenship
600,9MVH4uUnty,Samantha Ramirez,1961-02-27,East Marchaven,False,female,62,samantha_ramirez
601,EELhbak4c7,Robert Booth,1971-08-28,West Rachelbury,False,male,51,robert_booth
602,cdEG122FYv,Stephanie Harris,1978-07-20,Lake Chad,False,female,44,stephanie_harris
603,zt7cunlM9D,Leonard Wilson,1997-10-22,West Bethany,False,male,25,leonard_wilson
604,Q947OLa47Y,Melissa Snyder,1969-08-24,West Kimberly,False,female,53,melissa_snyder
605,6mEJ2YnNjF,Steven Sandoval,1958-02-25,South Debbie,False,male,65,steven_sandoval
606,gYdLZ2DmSv,Bailey Perez,1975-01-17,North Williamborough,False,Prefer not to say,48,bailey_perez
607,CRWNjMG4Vq,David Brady,1979-11-17,Alexanderside,False,male,43,david_brady
608,u98wiL8UpO,Daniel Carney,2004-09-09,Andersontown,False,male,18,daniel_carney
609,cOtbOW5rwW,Steven Wall,1983-10-18,Meganmouth,False,male,39,steven_wall
610,IsUYwNLSo6,Steven Armstrong,1966-09-16,East Jasonfurt,False,male,56,steven_armstrong
611,F3lU747DzS,Madeline Cook,1939-10-18,Burgessbury,False,female,83,madeline_cook
612,hJsYZ5af5Y,Melissa Norman,1979-12-06,New Bradland,False,female,43,melissa_norman
613,Dp4IzgLeH1,Sara Arnold,1993-09-20,Juliehaven,True,female,29,sara_arnold
614,Jl9xTA5xHJ,Justin Booker,1995-08-29,Lake Andrea,False,male,27,justin_booker
615,LSlhI5j7ky,Jeremy Mccormick,1987-09-14,Sanchezville,False,male,35,jeremy_mccormick
616,IFV0V2JYtA,Ashlee Thompson,1988-04-21,Donovanton,False,female,35,ashlee_thompson
617,XTvtlsVR6p,Blake Stevens,1953-06-27,South Lynnville,False,Prefer not to say,69,blake_stevens
618,Al4b9h9D7a,Grace Mckenzie,1993-09-05,South Susanfort,False,female,29,grace_mckenzie
619,tN1oMTr2P1,Mrs. Sharon Koch MD,2000-07-07,Lake Kimborough,False,Prefer not to say,22,mrs__sharon_koch_md
620,496WYCRMxm,Michael Jenkins,1964-11-30,West Collintown,False,male,58,michael_jenkins
621,y42xJmbqv4,Kristin Mason,1994-06-28,Wilsonland,True,female,28,kristin_mason
622,O9bRqszYC9,Elizabeth Campbell,1994-07-28,Jesseberg,False,female,28,elizabeth_campbell
623,7xGUxd2NV7,Kylie Fernandez,1972-04-06,North Lorraineport,False,female,51,kylie_fernandez
624,0BDIJd6j8Y,Elizabeth Herring,1934-09-04,Carrieton,False,female,88,elizabeth_herring
625,S7vFY1k1BH,Eric Rose,1958-06-09,Eduardobury,False,male,64,eric_rose
626,sa6e6AIogP,Kristen Russell,1935-03-12,Juliaburgh,False,female,88,kristen_russell
627,nTKh1eAdWT,Nathaniel Phillips,1934-01-14,Roberthaven,False,male,89,nathaniel_phillips
628,Q3Z16JVFGW,Samantha Smith,1944-02-01,East Robertborough,False,female,79,samantha_smith
629,EQiYh9H7UA,James Patrick,1945-12-17,East Eric,True,male,77,james_patrick
630,cpcYTQF8XJ,Jill Armstrong,1964-05-01,North Bobbymouth,True,female,59,jill_armstrong
631,eZxb8E8KPR,Kimberly Rodgers,1996-08-04,Westport,False,Prefer not to say,26,kimberly_rodgers
632,1e0qAu4OMS,Melissa Odonnell,1934-05-07,Mckayfurt,False,female,89,melissa_odonnell
633,3k7PVVsjQp,Joshua Chavez,1957-10-20,New Rodney,False,male,65,joshua_chavez
634,PIfYSI8Pog,Kim Valdez MD,1997-06-29,East Johnstad,False,Prefer not to say,25,kim_valdez_md
635,T6ac4kkteO,Lisa Lewis,1956-09-30,Port Andrew,False,female,66,lisa_lewis
636,d54sQaoT7Y,Jason Collins,1960-12-07,Port Jacob,True,male,62,jason_collins
637,0ivqF2xI7k,Katrina Burns,1982-07-20,West Tylertown,False,female,40,katrina_burns
638,XmIAbm1VD0,Jeffrey Mercado,1951-06-24,South Raymond,False,male,71,jeffrey_mercado
639,GfZCH4P38G,Megan Collins,1952-06-21,Carrietown,True,female,70,megan_collins
640,eTKOVZ5775,Pam West,1939-02-06,Powellberg,False,female,84,pam_west
641,YX5DmF881C,Lauren Craig,1975-03-07,North Dawnstad,True,Prefer not to say,48,lauren_craig
642,3XOuLtvFhx,Troy Ellis,1934-10-14,Kevinhaven,False,male,88,troy_ellis
643,mjL955GIVz,Johnny Gonzalez,1956-12-04,Murphyside,False,male,66,johnny_gonzalez
644,AzHD3zTRrX,Cristian Taylor,1943-01-07,West Cindytown,False,male,80,cristian_taylor
645,N58lPPp08Z,William Mccoy,1976-01-28,Gallagherport,False,male,47,william_mccoy
646,7zCEcgtOAv,Sally Pratt,1961-08-31,Barrettton,False,female,61,sally_pratt
647,2L4X1jFPnO,Carl Johnson,1990-11-06,New Theresamouth,False,male,32,carl_johnson
648,1zR9UUncAH,Devin Turner,1966-03-15,Kristinaview,False,Prefer not to say,57,devin_turner
649,0gA702HYW9,Christopher Mccullough,1963-08-01,West Kayla,False,male,59,christopher_mccullough
650,MDGtYKw405,Christopher Thomas,1979-09-06,Williamport,False,male,43,christopher_thomas
651,cQkjp7iBFM,James Johnson,2007-06-10,North Joshua,False,male,15,james_johnson
652,TOL6Zi882D,Carl Ross,1989-02-23,Jonathanstad,True,male,34,carl_ross
653,xi3bB81EYE,Arthur Harper,1972-06-25,Rogershaven,False,male,50,arthur_harper
654,dQt44rIYBo,Lucas Middleton,1986-12-12,Donaldberg,True,male,36,lucas_middleton
655,HU6NEYZQ6L,Savannah James,1986-04-10,Lake Patrickland,False,female,37,savannah_james
656,ooAkEMTY5O,Cody Frost,1941-08-17,Johnsontown,True,Prefer not to say,81,cody_frost
657,EDLWtIISv8,Donna Wright,1957-03-11,East Anna,False,female,66,donna_wright
658,ECPC0g4c1D,Adrian Daniels,1993-09-17,Keithborough,False,male,29,adrian_daniels
659,wzXJAR80Dp,Alexandra Jackson,1996-02-10,Port Robert,False,female,27,alexandra_jackson
660,nv60aZ4gcc,Kristina Mccullough,1952-12-26,Dawnchester,False,female,70,kristina_mccullough
661,FICvAh91By,Mr. Tyler Jacobs,1937-07-14,Starkview,False,Prefer not to say,85,mr__tyler_jacobs
662,G9ZRG6HuTs,Joshua Jones,1955-06-20,East Thomas,False,male,67,joshua_jones
663,Vgqo9vYwNe,Brenda Perez,2003-02-02,West Anthony,True,female,20,brenda_perez
664,mTNr3s1P50,Chelsea Jones,2005-08-01,Boydburgh,False,female,17,chelsea_jones
665,TneCF2zdd4,Gregory Rogers,1948-01-20,Alvarezmouth,False,male,75,gregory_rogers
666,04KygLooXo,Rita Carter,1966-01-13,Port William,False,female,57,rita_carter
667,Dn2YI1RBKK,Jennifer Dorsey,1934-08-08,Ortegahaven,False,female,88,jennifer_dorsey
668,t5P6884Iak,William Carrillo,1975-11-24,Ginaborough,False,male,47,william_carrillo
669,Pj0YFWDrme,Jennifer Sparks,1987-12-19,Susanville,True,female,35,jennifer_sparks
670,hurAxG0ctU,Jenny Ford,1970-03-15,Harrisbury,True,female,53,jenny_ford
671,1pSGRpRnN3,Christina Gonzalez,1940-08-20,Obrienberg,False,female,82,christina_gonzalez
672,lH6z9QuMED,Lisa Powers,1980-04-01,Parkermouth,True,female,43,lisa_powers
673,r1pUNwBvLy,Madison Ross,1955-11-18,Port Jennifer,False,Prefer not to say,67,madison_ross
674,SAL9WpSb9U,Matthew Leonard,1956-04-03,Kevinstad,False,male,67,matthew_leonard
675,BNqPf510HO,Jasmine Adams,1946-11-15,East Scott,False,female,76,jasmine_adams
676,XMcD8XgWih,John Moss,1986-11-27,South Summer,False,male,36,john_moss
677,6K921ZXcRS,Margaret Garcia,1980-11-29,Nunezview,True,female,42,margaret_garcia
678,4uoPApLXQE,Tiffany Aguilar,2008-11-07,Scottfort,False,female,14,tiffany_aguilar
679,SSXnpp98dB,Kimberly Burke,1984-01-06,Milesfurt,False,Prefer not to say,39,kimberly_burke
680,Ci5pPP32PY,Jason Morris,1951-02-02,West Adamfurt,False,male,72,jason_morris
681,w5t0h5YFgf,Larry Banks,1949-12-27,Meganton,False,male,73,larry_banks
682,GU9X4NQITg,Nicole Williams,1972-07-12,New Matthew,False,female,50,nicole_williams
683,GAeFXZQR2W,Jane Villa,1997-08-06,Port Matthew,False,female,25,jane_villa
684,OnUR2pk0LZ,Jamie Mcconnell,1962-06-10,New Mauricemouth,False,Prefer not to say,60,jamie_mcconnell
685,Wxs273sKJv,Richard Fischer,1960-03-06,South Joseph,True,male,63,richard_fischer
686,4NN9cFXr11,Brittany Patton,1994-07-02,West Gerald,False,female,28,brittany_patton
687,X5qUAiAGfh,Sandra Guerrero,1971-06-05,East Justin,False,female,51,sandra_guerrero
688,Q3a4yzu0sG,Kayla Parker,1960-06-26,Melvinville,False,female,62,kayla_parker
689,fbgcMHn5Tb,Tracey Rodriguez,1998-11-11,Miguelmouth,False,Prefer not to say,24,tracey_rodriguez
690,Nz9T7yRE9g,Natasha Miller,1960-10-23,Jamieshire,True,female,62,natasha_miller
691,W3Mu9Vk9CR,Ronald Ellis,1979-10-09,Port Ericmouth,True,male,43,ronald_ellis
692,8SO4WqCSGx,Kelsey Everett,1959-04-25,Rodriguezmouth,False,Prefer not to say,64,kelsey_everett
693,FAC0xhBAPn,Shawn Ramos,1993-09-25,Morrisport,False,Prefer not to say,29,shawn_ramos
694,w3981byLNI,Brooke Kelly,1961-04-15,Barnesfurt,False,female,62,brooke_kelly
695,JWArkFY2BM,Brandon Johnston,1960-05-21,Jonesfort,False,male,63,brandon_johnston
696,QvZ9tJm5Fz,Sophia Franco,1978-10-28,Timmouth,True,female,44,sophia_franco
697,7Qzxhb6UoK,Christina Allen,1974-11-29,Chadmouth,True,female,48,christina_allen
698,Uq5DJrAZ8S,Teresa Schmidt,2001-06-30,North Tracy,False,female,21,teresa_schmidt
699,6VeRw8x1WY,Kevin David,1932-07-06,Lopezchester,True,male,90,kevin_david
700,0GArYJwcmU,Teresa Roberts,2003-04-23,East Rodneyport,False,female,20,teresa_roberts
701,o2Gk4EPlp0,Michael Lee,1990-08-29,East Jennifermouth,False,male,32,michael_lee
702,8xIodMixT9,Heidi Riggs,1975-01-10,Port Shannon,False,female,48,heidi_riggs
703,zoRTQx1lhn,Jose Anderson,1981-02-02,Edwardstad,False,male,42,jose_anderson
704,XMIXSWSQB9,Troy Gibson,1933-01-17,Johnchester,False,male,90,troy_gibson
705,XK1U6CSiJC,Chelsea Gomez,1990-08-04,Marymouth,False,female,32,chelsea_gomez
706,WdZc0geNU2,Lisa Nelson,1952-09-09,Stephaniebury,False,female,70,lisa_nelson
707,8uSyTyOs5e,Katrina Hudson,1991-07-04,Cheyenneburgh,False,female,31,katrina_hudson
708,yvKJLpW4LA,Michael Lopez,2001-01-06,Tylerburgh,False,male,22,michael_lopez
709,bEg80efNnt,Michael Reed,1952-12-02,Port Jessica,False,male,70,michael_reed
710,BgJjG66T10,Wendy Roberts,2008-05-04,Port Jason,False,female,15,wendy_roberts
711,QkUkEkAk9V,Jonathan Torres,1983-05-26,North Cameron,False,male,40,jonathan_torres
712,TOVNB2VHcZ,Kenneth Erickson,1933-04-20,Lesterberg,False,male,90,kenneth_erickson
713,xrdsbQv3LL,Marc Townsend,1973-08-03,West Williamstad,False,male,49,marc_townsend
714,27BB2KGqzS,John Guzman,1949-12-02,West Melindamouth,False,male,73,john_guzman
715,lyNBFVoM2r,Courtney Davis,1988-04-18,Karenburgh,False,Prefer not to say,35,courtney_davis
716,4C1JNUAXgc,James Frank,1937-01-11,East Ashley,False,male,86,james_frank
717,cgO1t4yYC8,Brian Fletcher,2006-11-09,New Fernando,False,male,16,brian_fletcher
718,z8BGVpa7I7,Michael Howell,1978-06-15,Chapmanburgh,False,male,44,michael_howell
719,B6tOYS6clB,Mrs. Karen Mcbride,1992-02-06,Monicafurt,False,Prefer not to say,31,mrs__karen_mcbride
720,Vhh5xXHXNh,Madeline Wong,1996-09-07,West Lisa,False,female,26,madeline_wong
721,0OEAox4BJu,Rita Gates,1969-12-31,Olsenburgh,False,female,53,rita_gates
722,Ni5DT8Leco,James Avila,1970-12-30,Bennettton,False,male,52,james_avila
723,AFxSj8VL2g,William Kim,1967-02-26,Juanton,True,male,56,william_kim
724,Y7K897PW7E,Thomas Hess,1961-11-04,Perezmouth,True,male,61,thomas_hess
725,Fzoj5n4I8p,Taylor Woodard DDS,1941-04-11,Esparzaberg,False,Prefer not to say,82,taylor_woodard_dds
726,83OBnng2ZO,Billy Anderson,2000-06-25,Port Gabrielle,False,male,22,billy_anderson
727,l3aEFK6oMM,Joshua Johnson,1933-03-28,Lake Curtisland,False,male,90,joshua_johnson
728,O0i57N2oUX,Kathleen Joseph,2008-04-03,Port Richardland,False,female,15,kathleen_joseph
729,D1P5yVH7Xj,David Perry,1939-07-18,Lake Anita,False,male,83,david_perry
730,zcVzPYRH0S,Guy Harris,1974-10-17,East Kevinfurt,True,male,48,guy_harris
731,1pQYoi9U27,Kendra Lyons,1984-02-18,West David,False,female,39,kendra_lyons
732,ABIJKE1W91,Monica Shaffer,1976-04-29,West Debra,False,female,47,monica_shaffer
733,1bmFEAPk2Z,Derek Ponce,1940-08-01,East Williamfurt,True,male,82,derek_ponce
734,sQVi2dH2IH,Wanda Knox,1967-08-01,New David,True,female,55,wanda_knox
735,OO5XH9HGCx,Carol Carroll,1974-12-12,Taylortown,False,Prefer not to say,48,carol_carroll
736,If8PPT2GPJ,Christopher Greer,1932-07-01,South Ernest,False,male,90,christopher_greer
737,e20STzbO32,Michael Glenn,1989-08-09,New David,False,male,33,michael_glenn
738,PsxQeU6985,Craig Jones,1966-07-09,Powellview,True,male,56,craig_jones
739,6E1P0RvFv2,Thomas Wilson,1961-03-04,Patriciaville,False,male,62,thomas_wilson
740,l3QJmRu9zG,Samuel Spence,2006-04-14,Petersonside,True,male,17,samuel_spence
741,dbJp7K6zvf,Carla Johnson,1969-09-21,Morgantown,False,female,53,carla_johnson
742,wwUeG0cVZ8,Frederick Fisher,1960-03-29,Susantown,True,male,63,frederick_fisher
743,eUEjzMPHZ4,Christopher Williams,1950-10-23,Blairport,False,male,72,christopher_williams
744,YS59QtMXHq,Jamie Allen,2002-09-27,North Lacey,True,Prefer not to say,20,jamie_allen
745,Jbg6SD2jlN,Daniel Gentry,2000-04-07,Monroeshire,False,male,23,daniel_gentry
746,7Za3jLvoJk,Samantha Gibson,1949-12-16,West Richardbury,False,female,73,samantha_gibson
747,Z5gwQdT7AW,Ashley Key,1965-03-17,New Sean,True,Prefer not to say,58,ashley_key
748,IY6e4dDRk3,Christopher Maddox,1989-08-04,New Charles,False,male,33,christopher_maddox
749,03NIgUqN1T,Mary Alvarado,1939-01-20,South Robertoville,False,Prefer not to say,84,mary_alvarado
750,lnhTQHXey1,Emily Holland,1962-08-05,South Danachester,True,female,60,emily_holland
751,PMUgBhi4PQ,Heather Johnson,1960-11-08,North Ralph,False,female,62,heather_johnson
752,6S4zI9mnEn,Kenneth Shields,1949-04-06,Williamview,False,male,74,kenneth_shields
753,K3MQL77q9d,Elizabeth Shelton,1982-04-02,South Tiffanyburgh,False,female,41,elizabeth_shelton
754,pUwmE2Rp2o,Jodi Gill,2004-01-03,Brownmouth,False,female,19,jodi_gill
755,EN0TxoWTIX,Angela Rodriguez,1940-02-15,Port Michael,True,female,83,angela_rodriguez
756,txJvuBCYv6,Angela Robbins,1954-11-08,Lake Elizabethmouth,False,female,68,angela_robbins
757,6YSN0cH4QJ,Gordon Price,1946-12-29,South Jose,False,male,76,gordon_price
758,w18E8zCEct,Sarah Spencer,1956-01-09,Robertshire,False,female,67,sarah_spencer
759,pLgYxwJ6Pk,Brandon Olson,1992-02-06,East Louis,False,male,31,brandon_olson
760,vSQW30rXHI,Dawn Moss,1934-07-05,Hermanview,False,female,88,dawn_moss
761,sXn7s2RSbb,James Long,1958-05-26,Brianville,False,male,65,james_long
762,tE09E4HzkB,Brandy Perez,1951-05-13,Michaeltown,False,Prefer not to say,72,brandy_perez
763,dcVkT53Boj,Michelle Fischer,1997-06-06,West Richardfort,False,female,25,michelle_fischer
764,ACQJ1uY8V0,Ashley Brooks,1988-03-06,Lewischester,False,Prefer not to say,35,ashley_brooks
765,DDv1UdtK37,Vincent Graham,1976-04-04,Emilyburgh,False,male,47,vincent_graham
766,xvvNZEh22Z,Brian Brock,1937-09-25,North Karenshire,False,male,85,brian_brock
767,btT9keLE4G,David Krause,1953-02-22,Leahland,False,male,70,david_krause
768,oLs4rU8XmM,Sara Walters,1983-09-27,New Kayla,False,female,39,sara_walters
769,H3RwClDcc8,Stephanie Cole,1964-07-04,Morseland,False,female,58,stephanie_cole
770,67Q1n4c6mD,Joseph Maxwell,1971-07-02,South Marie,False,male,51,joseph_maxwell
771,zr2QY4f30E,Jake House,1933-05-27,Blakestad,False,male,89,jake_house
772,Lz25is6Krv,Grant Ford,1932-09-13,Port Cynthia,False,male,90,grant_ford
773,u7LdTNMSRA,James Gardner MD,1954-06-21,South Ericberg,False,male,68,james_gardner_md
774,FTVY10gTnI,Mary Ruiz,1957-05-27,New David,False,Prefer not to say,65,mary_ruiz
775,MdpLQI2vOI,Mary Singleton,1937-09-23,North Matthewbury,True,Prefer not to say,85,mary_singleton
776,v80DYHZDyC,Mrs. Rebecca Alexander,1994-05-30,Matthewview,False,Prefer not to say,28,mrs__rebecca_alexander
777,4XYc2f3nkR,Alexis Velasquez,1985-08-07,Medinahaven,True,male,37,alexis_velasquez
778,ld940c1PDm,Michael Montgomery,1997-08-29,South Christopherchester,False,male,25,michael_montgomery
779,76FqtuR7hy,James Bishop,1972-12-06,South Jacquelineberg,False,male,50,james_bishop
780,0QUPvELTWh,Sylvia Luna,2007-02-23,Josephborough,True,female,16,sylvia_luna
781,jggmKC5wnF,Maria Harris,1960-04-20,Guerrerostad,False,female,63,maria_harris
782,AwH2adNCZC,Edward Clark,2006-12-12,East Julie,False,male,16,edward_clark
783,uzJ5hzX2d5,Denise Contreras,2004-04-14,Schneiderton,True,female,19,denise_contreras
784,55aXtW1kMF,John Hall,1950-04-25,West Ericabury,False,male,73,john_hall
785,43Q0T22qhA,Kathy Carpenter,2002-09-17,East Chelseaport,False,female,20,kathy_carpenter
786,vAuaAZ2RQA,Brandon Smith,2004-10-26,West Stacy,False,male,18,brandon_smith
787,PRDsTe9Gee,Stephanie Rodriguez,2002-10-24,Josephburgh,False,female,20,stephanie_rodriguez
788,DIOL2ekd0Z,Pamela Gonzalez,1981-12-21,Davidchester,False,female,41,pamela_gonzalez
789,jdfHaLKW0f,Mrs. Laura Carrillo,1937-01-27,Meganmouth,False,Prefer not to say,86,mrs__laura_carrillo
790,9K2H6drfaE,Anita Valentine,1965-03-17,South Laurenberg,True,female,58,anita_valentine
791,OGW3BfA8UA,Courtney Thompson,1936-12-06,South Samuel,False,Prefer not to say,86,courtney_thompson
792,4VNXrsLKlr,Gary Lopez,1970-06-16,Glennhaven,False,male,52,gary_lopez
793,OiF7aicMBP,Savannah Hill,1994-01-05,West Danielhaven,False,female,29,savannah_hill
794,evMzmvL4w5,Amanda Wilkins,1963-04-25,East Allisonport,False,female,60,amanda_wilkins
795,cwSOpqUyZ0,Jessica Blanchard,1990-10-20,North Scottburgh,False,female,32,jessica_blanchard
796,KSB26D7IhI,Victoria Thompson,1966-12-11,East Christina,True,female,56,victoria_thompson
797,1Z7eLyg4w6,Nathan Flores,1981-03-16,Port Cherylside,False,male,42,nathan_flores
798,4WQ2R2FnZP,Laurie Brown,2005-08-31,New Joseph,False,female,17,laurie_brown
799,2tmHFvplaF,Derek Figueroa,1935-06-30,Dunnbury,False,male,87,derek_figueroa
800,H7Vvd14Zj2,Aaron Wilson,2003-08-16,West Michaelmouth,False,male,19,aaron_wilson
801,4OBd58DKEd,Angela Higgins,2004-06-27,Nguyenfort,False,female,18,angela_higgins
802,GYH3tN4Pk4,David Johnson,1986-06-15,Harrismouth,False,male,36,david_johnson
803,V0Lj8Jvu7E,Norma Chung,1934-07-31,Tinachester,True,female,88,norma_chung
804,CD4C3tsEzn,Paul Holmes,1946-10-12,West Christine,False,male,76,paul_holmes
805,P8jaOTJ3q0,Sharon Huang,1952-08-02,Michelleborough,False,female,70,sharon_huang
806,Iev21zKKGT,Robert Alexander,1939-01-16,New Markfort,False,male,84,robert_alexander
807,PNMLfO3doi,Brandon Cabrera,1939-07-30,Timmouth,False,male,83,brandon_cabrera
808,99Y9h8fslb,Lindsey Norton,1990-04-14,Smithfort,False,Prefer not to say,33,lindsey_norton
809,35LnSAQRtB,Barbara Hamilton,1936-12-03,Ashleymouth,True,female,86,barbara_hamilton
810,cByXN5r2pf,Victor Bennett,1936-07-17,Port Stephen,False,male,86,victor_bennett
811,RLS5Jtmhtt,Nicholas Sanchez Jr.,1982-04-23,Andersonville,False,male,41,nicholas_sanchez_jr_
812,mMf1cYjUpS,Crystal Carpenter,1947-12-30,Mercermouth,False,female,75,crystal_carpenter
813,PP9FvEJAEn,Ricky Dennis,1941-05-26,Davidville,True,male,82,ricky_dennis
814,UBF4P302Wb,Victoria Hill,1999-01-01,North Pamelamouth,False,female,24,victoria_hill
815,eMABZSX7Nu,Sarah Ramos,2008-07-26,North Keith,False,female,14,sarah_ramos
816,WzkfF3Jt2o,Samantha Graham,1952-11-27,Hallburgh,True,female,70,samantha_graham
817,A5l69znHFy,Ashley Delacruz,1984-06-22,South Williamberg,False,Prefer not to say,38,ashley_delacruz
818,PJ8lC7YiNf,Brian Berry,1982-04-20,West Brittney,True,male,41,brian_berry
819,JBO1EBs4SS,Charles Estrada,1943-11-23,Dianaborough,False,male,79,charles_estrada
820,wrbGtFw1fs,John West,2004-12-31,North Sarahstad,False,male,18,john_west
821,kROYfIyS8u,Brittany Berger,2002-10-18,Lake Tinaton,False,female,20,brittany_berger
822,w3oqXZ7gIB,Daniel Adkins,1940-02-27,South Joseph,True,male,83,daniel_adkins
823,R8ixASCZM5,Zachary Huber,1939-11-19,Sarafort,False,male,83,zachary_huber
824,CgZ5rGD7NF,Karen Wood,1951-03-06,Donaldhaven,False,female,72,karen_wood
825,ozXaeSKD5G,Allen Keller,1966-09-30,Port Nancyberg,False,male,56,allen_keller
826,TVKzx3OR2W,Joseph Lane,1935-05-08,Julieberg,False,male,88,joseph_lane
827,FtaYMEQO0y,Holly Martin,1997-11-15,West Joshua,False,female,25,holly_martin
828,qBDN4Yp89G,Sean Gentry,1996-09-28,East Aprilport,False,male,26,sean_gentry
829,Q3XrVra38i,Brittany Mathis,1962-08-16,East Cynthiaview,True,female,60,brittany_mathis
830,3mbbDFVBQA,Christian Lopez,1973-12-26,Dunnchester,False,male,49,christian_lopez
831,Eg5gZDNOBF,Karen White,1966-02-05,Shawnfurt,False,female,57,karen_white
832,wHtG2TtaAt,Tommy Giles,1965-03-27,Swansonfort,False,male,58,tommy_giles
833,G6xyRPn7th,James Scott,1988-02-21,Kirbystad,False,male,35,james_scott
834,bHzL20am4S,Mary Edwards,1973-05-12,Lunaberg,True,Prefer not to say,50,mary_edwards
835,0r6SMIwo5Y,Devon Adams,1967-04-20,Lisaside,True,Prefer not to say,56,devon_adams
836,Zly5WNKwoO,Alexis Davis,1994-07-08,Kristentown,True,male,28,alexis_davis
837,Uvs2iTnHhR,Dr. Nicole Johnson,1984-05-19,Port James,False,Prefer not to say,39,dr__nicole_johnson
838,zuppL86VHA,Karen Carroll,1934-10-30,Port Andrew,False,female,88,karen_carroll
839,tpRcTp2NDK,Christina Gomez,1936-01-30,Tuckerberg,False,female,87,christina_gomez
840,Y4QpqUB9Yh,Lauren Allen,1995-05-31,Steventown,True,Prefer not to say,27,lauren_allen
841,WwV9U6x7Hy,Kelli Davis,1974-09-27,East Walter,False,female,48,kelli_davis
842,WD50bRJkbK,Stephanie Nicholson,1948-01-30,Woodardtown,False,female,75,stephanie_nicholson
843,j6cVWdImma,James Johnson,1965-03-08,Port Christopherport,False,male,58,james_johnson
844,idGRXEsiN8,Kelly Scott,1998-01-31,Ellenmouth,False,Prefer not to say,25,kelly_scott
845,XtsuM6V2V8,Monica Ford,1990-03-18,Cruzview,False,female,33,monica_ford
846,KRodV231ma,Stephen Coffey,1953-12-14,Sabrinaview,False,male,69,stephen_coffey
847,AH7KlWNef9,Robyn Anderson,1936-12-26,Port William,False,female,86,robyn_anderson
848,NR4T1M7v4m,Alexandra Smith DVM,2002-05-04,Laurieview,False,female,21,alexandra_smith_dvm
849,8sFtHc582v,Vincent Kelley,1960-08-01,East Cynthiaside,False,male,62,vincent_kelley
850,5bjDLNPI1C,Ralph Spencer,1970-10-07,Leeview,False,male,52,ralph_spencer
851,msI5j1BBvT,Seth Cook,1982-08-13,North Robertoburgh,False,male,40,seth_cook
852,FLsdQT5GWS,Autumn Davis,1999-05-16,Crawfordmouth,False,female,24,autumn_davis
853,9XRNXTT2rx,Richard Miller,1984-08-11,East Shannonchester,False,male,38,richard_miller
854,6oP4Q5WA78,Jason Kirk,1975-03-12,Westville,True,male,48,jason_kirk
855,FDfuTx75rn,Sandra Stewart,1999-07-04,North Juliaview,False,female,23,sandra_stewart
856,Lo9FT2c82F,Tina Powell,1945-01-07,East Nicholasside,False,female,78,tina_powell
857,eIMcTuvEc9,Troy Rojas,1977-07-26,East Kimberlystad,False,male,45,troy_rojas
858,Ww49aJQAKX,Daniel Davenport,1985-05-31,Morrisville,True,male,37,daniel_davenport
859,4Q939qIX0E,William Ramos,1949-04-16,New Zacharyshire,False,male,74,william_ramos
860,v9lr4mVQhD,Daniel Watson,1946-12-22,Davidmouth,False,male,76,daniel_watson
861,l8csxhMuIT,Madison Perez,1944-03-26,Farmerhaven,False,Prefer not to say,79,madison_perez
862,JVhV8KQ9Lj,Nancy Williams,1962-02-08,Wilsonview,False,female,61,nancy_williams
863,icKOLM1Y4i,Helen Martin,1946-08-05,Lake Nicholas,False,female,76,helen_martin
864,KD0hGHGDZJ,Richard Robinson,1949-11-08,Lake Bradley,False,male,73,richard_robinson
865,kR7ySKc56O,Danielle Bell,1994-04-14,Port Beth,True,female,29,danielle_bell
866,vPh9C1cPxr,Roger Norris,1933-11-09,Port Nathan,False,male,89,roger_norris
867,EF8PwnN7eQ,Michelle Waters,1974-02-16,Port Jonathan,False,female,49,michelle_waters
868,fs8tIso9VK,Kelly Hill,2005-03-08,Johnsonberg,False,Prefer not to say,18,kelly_hill
869,JWr8K0L8uN,Joshua Ryan,1962-01-12,Albertchester,False,male,61,joshua_ryan
870,4MR1tWkTCx,Jamie Barnett,1965-02-01,Salinaschester,False,Prefer not to say,58,jamie_barnett
871,8TmudLSObl,Bill Ryan,1998-03-02,Dawnhaven,False,male,25,bill_ryan
872,72ELIwdXXj,Nicole Green,1943-05-15,Lukehaven,False,female,80,nicole_green
873,56kh79gdL8,Lisa Williamson,1944-11-20,South Jasmineshire,False,female,78,lisa_williamson
874,rgEie5OefP,Todd Boyer,2006-02-13,Markchester,False,male,17,todd_boyer
875,No6mfDOepI,Edward Scott,1994-12-08,Lake Deborahmouth,True,male,28,edward_scott
876,KFPY9yQ99w,Savannah Young,1934-07-17,Brianton,False,female,88,savannah_young
877,V0M9AVsRkV,Maria Shannon,1980-12-14,South Robert,False,female,42,maria_shannon
878,LSXN21ipA3,Timothy Horton,1988-02-13,West Rubenhaven,False,male,35,timothy_horton
879,F6jGmmVB6V,Wanda Doyle,1933-02-04,New Allison,False,female,90,wanda_doyle
880,h6d7EcXf4D,Melissa Harmon,1993-07-17,Lake Luismouth,False,female,29,melissa_harmon
881,8vuQR2o73I,Molly Rodriguez,1959-12-05,Matthewland,False,female,63,molly_rodriguez
882,btTkX0lxIh,Jennifer Smith,1968-07-21,Shepherdhaven,True,female,54,jennifer_smith
883,2P1QJlquU9,Eugene Snyder,2005-09-21,Estradastad,False,male,17,eugene_snyder
884,FLJ5YzSjO7,Dawn Alvarez,1983-10-23,East Jasonbury,False,female,39,dawn_alvarez
885,ThqcY5oeOY,Ann Smith,1947-08-10,Morenoside,True,female,75,ann_smith
886,0b9wNUTOLZ,Michael Harris,1953-01-10,Craigfurt,False,male,70,michael_harris
887,q8m7VY16tK,Anthony Ramirez,1992-05-23,Joelborough,True,male,31,anthony_ramirez
888,PKIfDAXW1t,James Smith,1932-12-12,Ambertown,True,male,90,james_smith
889,51ZdCMzCnM,Nicholas Taylor,1975-03-01,West Brad,True,male,48,nicholas_taylor
890,FdQ605OFBU,Ethan Phillips,1939-06-10,Lake Kaitlyn,False,male,83,ethan_phillips
891,l6kHesW7Up,Dr. Catherine Nixon PhD,1951-12-24,New Corychester,False,Prefer not to say,71,dr__catherine_nixon_phd
892,3is8KKAYBS,Michael Mathis,1977-11-08,West Ashleyside,True,male,45,michael_mathis
893,J1qatfrVVI,Renee Hoffman,1941-07-25,Jenkinsfurt,False,female,81,renee_hoffman
894,OQ3MHAQYc9,Thomas Austin,1992-02-03,West Christinatown,False,male,31,thomas_austin
895,l1qJ0hN7bz,Kristin Mathis,1960-07-15,East Sara,False,female,62,kristin_mathis
896,ACOp0QYFpn,Alejandro Webb,1974-07-17,Chaneyhaven,False,male,48,alejandro_webb
897,Dl3VpYOxFj,Dan Gomez,1979-07-26,East Richardborough,False,male,43,dan_gomez
898,DHXsoZWl3S,Diana Marshall,1941-11-17,Thomasshire,True,female,81,diana_marshall
899,O4ftjWWYb4,Eric Yates,1994-06-01,Port Brendaborough,False,male,28,eric_yates
900,KidZt5iZO9,Vincent Ramsey,1945-08-27,Patrickborough,False,male,77,vincent_ramsey
901,u995dWrasP,Sharon Garcia,1937-03-22,Vasquezchester,False,female,86,sharon_garcia
902,3faab5BhMo,Katelyn Jones,1984-09-07,Karenport,True,female,38,katelyn_jones
903,4mX6CQq9Eu,Joseph Barnes,1963-04-26,Youngchester,False,male,60,joseph_barnes
904,aM4GcLcN0t,Billy Vazquez,1953-09-21,Leonardport,False,male,69,billy_vazquez
905,prs419BDEd,Angela Lambert,1950-07-07,Fieldsshire,False,female,72,angela_lambert
906,65zPfKwCto,Ronald Howell,1965-02-13,Nancyshire,False,male,58,ronald_howell
907,a2tGL9OrVp,Tom Mitchell,1958-05-01,Josephberg,False,male,65,tom_mitchell
908,BpgGcZy9b7,Adam Reeves,1949-10-12,Kington,False,male,73,adam_reeves
909,UEY9LfEPyi,Ryan Nunez,1940-10-22,North Tamaraland,False,Prefer not to say,82,ryan_nunez
910,34plNkkHSs,Paula Torres,1982-07-26,Harrisport,False,female,40,paula_torres
911,h3IeIlBbkJ,Mark Thomas,1992-08-13,New Tracymouth,True,male,30,mark_thomas
912,CStPJr4RRH,Alan Rivera,1954-02-27,Kellyview,True,male,69,alan_rivera
913,l40BWVZ5RE,Daniel Bush,1987-10-25,Lake Sharonstad,False,male,35,daniel_bush
914,K8AXtcVMx8,Thomas Nguyen,1969-01-19,Elizabethville,False,male,54,thomas_nguyen
915,8I0r7JZXYa,Matthew Mcdowell,1997-01-09,Johnnyburgh,False,male,26,matthew_mcdowell
916,iVaAwT3U1X,Andrew Meyer,2006-10-14,Hallbury,False,male,16,andrew_meyer
917,Yj4moK56Wr,Paula Rose,2003-11-10,Tinaton,False,female,19,paula_rose
918,Kfkut6y5HF,Valerie Crawford,1993-11-19,West Tinamouth,False,female,29,valerie_crawford
919,YBPHE9ba6x,Michelle Collins,1991-06-17,East Brandonshire,True,female,31,michelle_collins
920,NYduL25VHM,Jaime Stewart,1995-10-05,South Brianmouth,False,male,27,jaime_stewart
921,N3wfg3ZFxK,Brandon Jones,1942-10-21,East John,False,male,80,brandon_jones
922,2K06OEZiYL,Alicia Horton,1992-10-29,Port Chadhaven,True,female,30,alicia_horton
923,Gx4LfKbO7K,Angel Fitzgerald,1994-02-15,Jacobfurt,False,male,29,angel_fitzgerald
924,VGLJOmUmB3,Randy Allen,2006-10-08,North Sarahport,True,Prefer not to say,16,randy_allen
925,aabb8M1Ugp,Nicole Peterson,2008-11-22,Jennifertown,False,female,14,nicole_peterson
926,6Edm7WypUF,Savannah Ayala,1979-02-14,Walkerfurt,False,female,44,savannah_ayala
927,4C5PAxstDA,Jeffrey Tran,1996-11-26,Murphyshire,True,male,26,jeffrey_tran
928,Tp70kVNm5P,Linda Jones,2007-11-15,Port Dustin,False,female,15,linda_jones
929,3W5Fw3B3FR,Stephanie Grant,1963-01-12,Michaelton,False,female,60,stephanie_grant
930,STL18nCsao,John Garcia,2003-02-28,Jacquelineshire,False,male,20,john_garcia
931,BUfIe1uhFR,Rachel Robertson,1955-07-22,East Jesse,False,female,67,rachel_robertson
932,pa8XQBO0IM,Jonathan Brown,1999-08-20,North Christine,False,male,23,jonathan_brown
933,a6K28hIQeS,Madison Hudson,1969-05-11,Lake Rachelstad,False,Prefer not to say,54,madison_hudson
934,1yWJKgA8Sd,Phillip Powell,1952-01-28,West Michelle,False,male,71,phillip_powell
935,5laHWhli5Z,Jennifer Booth,1973-12-22,Baileyview,False,female,49,jennifer_booth
936,ON83rL0jPk,John Brooks,1935-11-30,Port Sergiotown,True,male,87,john_brooks
937,7ZYGuzhQ1t,Phillip Oconnor,1949-03-01,Jacksontown,False,male,74,phillip_oconnor
938,A6n01D6WoC,Allison Ross,1998-12-02,Lake Samuel,False,female,24,allison_ross
939,JlWu5SlG53,Eric Nguyen,1982-02-11,Sosaview,False,male,41,eric_nguyen
940,GUnO6Hb13v,Nicholas Cortez,1983-10-28,East Brendaside,False,male,39,nicholas_cortez
941,KeipWJ6zRE,Deborah Meyers,1941-01-24,East Nicole,False,female,82,deborah_meyers
942,iZTc7N4lMR,James Davis,1979-07-28,South Antonio,False,male,43,james_davis
943,O8O4TU2rSS,Jessica Maxwell,1940-11-22,South Jason,False,female,82,jessica_maxwell
944,7ZjBnXujSo,Norma Stout,1997-12-20,East Ebony,False,female,25,norma_stout
945,Hbys1ccoIf,Craig Williams,1968-02-24,New Sherylborough,False,male,55,craig_williams
946,7iCaGeasig,Frank Ramirez,1970-08-03,Garrisonmouth,False,male,52,frank_ramirez
947,VEY8ucsaQg,Stacey Davidson,1970-09-21,Wolfemouth,False,Prefer not to say,52,stacey_davidson
948,xOkQaF2bes,Roy Martin,1947-05-22,Richardburgh,False,male,76,roy_martin
949,Yi109FbEGC,Joseph Nelson,1978-07-11,Amandachester,True,male,44,joseph_nelson
950,2AmldgxU7C,Shane James,1992-08-23,Vasquezfurt,False,male,30,shane_james
951,V54FrxETHQ,Eric Ward,1971-08-30,Mcbrideport,False,male,51,eric_ward
952,8VJxUn843X,Justin Davis,1978-12-11,South Melissa,False,male,44,justin_davis
953,i6DukKGQ7l,Devon Flores,1990-06-10,Susanhaven,False,Prefer not to say,32,devon_flores
954,QVwtxWG59I,Olivia Nolan,2008-06-27,Donaldchester,True,female,14,olivia_nolan
955,28w4MLQ8TJ,Judy Morales,1972-11-14,Johnsonland,False,female,50,judy_morales
956,mAWciwCda4,Mrs. Kelly Castillo,1967-02-09,Port Raymondville,False,Prefer not to say,56,mrs__kelly_castillo
957,aXKxQIW6ek,Richard Johnson,1965-07-05,Johnathanland,False,male,57,richard_johnson
958,gy8UC5IOt1,George Cannon,1948-08-29,Leeside,True,male,74,george_cannon
959,7ElZ5f2KGV,Alexandra Kidd,2004-05-21,Jacquelineville,False,female,19,alexandra_kidd
960,aP2Wq6jAHK,Terry Byrd,1948-06-15,East Johnborough,False,Prefer not to say,74,terry_byrd
961,sn3449T48X,Hannah Martinez,2007-12-17,Wrightland,False,female,15,hannah_martinez
962,RnqAS8WUMZ,Felicia Anderson,1951-02-11,Clarkmouth,False,female,72,felicia_anderson
963,wpGU3VOxRW,Jordan Ayala,1964-09-03,Joelshire,False,male,58,jordan_ayala
964,NOuHzMk0GZ,Eduardo Jackson,1943-04-03,East Robertbury,False,male,80,eduardo_jackson
965,z4PLizjE7j,Aaron Cox,1952-09-05,Margaretmouth,False,male,70,aaron_cox
966,o9gOZ2NHKt,Allison Wallace,1967-02-18,Matthewtown,False,female,56,allison_wallace
967,GGeORsKd86,Alicia Jenkins,1996-05-30,South Eric,False,female,26,alicia_jenkins
968,D7ED1conll,Alan Briggs,1941-06-12,South Kennethhaven,False,male,81,alan_briggs
969,rusDvb07Ak,Steven Short,1941-05-27,Greenborough,False,male,81,steven_short
970,V4Jp49Nvuv,Jessica Rogers,1997-10-13,Olsonhaven,False,female,25,jessica_rogers
971,A9nepYXuxP,Rebecca Choi,1976-03-24,West Robert,False,female,47,rebecca_choi
972,RBiDrn9wWc,Manuel Copeland,1932-12-24,Lake Tristan,False,male,90,manuel_copeland
973,2Ay5XuesQM,Kyle Everett,1955-11-17,New Maryside,False,Prefer not to say,67,kyle_everett
974,Ii69jlhcdy,James Meyers,1943-07-09,Claytonchester,False,male,79,james_meyers
975,nCDGbq42Nc,Susan Smith,2005-12-21,Danielsmouth,False,female,17,susan_smith
976,tTGGekq630,Michael Phillips,2005-03-13,Port Melissaport,False,male,18,michael_phillips
977,H6W4WrjoeI,Matthew King,1968-12-31,Cardenasstad,False,male,54,matthew_king
978,cq6r2MXLwI,Laura Williams,1934-04-25,Port Amanda,False,female,89,laura_williams
979,k7l8BIS6CT,Maurice Howe,1965-10-22,East Nancy,False,male,57,maurice_howe
980,C562NrWXD9,Pamela Turner,1934-06-15,Morrisonview,False,female,88,pamela_turner
981,DyrUDrwTQ4,Melissa Garcia,1984-03-07,Sampsonport,False,female,39,melissa_garcia
982,iJ8QOI5pC7,Kayla Walters,1938-07-05,North Joseph,False,female,84,kayla_walters
983,3WxATwyQNB,Pamela Martin,1950-06-02,North Sarahville,False,female,72,pamela_martin
984,scA0E76ovO,Robert Jensen,1985-12-16,Lake Christina,False,male,37,robert_jensen
985,4P5l4EISXx,Matthew Ewing,1975-06-22,Nealport,False,male,47,matthew_ewing
986,RE3ATwjL4C,Robert Greene,1989-11-28,Darleneville,False,male,33,robert_greene
987,yfJrXC2O8S,Austin Howard II,1958-08-22,Port Bobby,False,male,64,austin_howard_ii
988,6G9s7WmQNG,John Lang,1991-09-13,Meganburgh,False,male,31,john_lang
989,1DPqFJye0z,Carmen Scott,1958-06-25,New Margaret,False,female,64,carmen_scott
990,T7seXNZ0i6,Nathan Nelson,1960-08-26,Brandonmouth,False,male,62,nathan_nelson
991,V6OsT9x81Z,Judith Hernandez,1947-06-28,New Wendy,False,female,75,judith_hernandez
992,IfxLP53SCz,Brittney Ortega,2007-10-27,North Cassidy,True,female,15,brittney_ortega
993,GEK6cwSnGK,Michael Ramirez,1945-10-12,Port Kimberly,False,male,77,michael_ramirez
994,XItq2SZnLP,Austin Heath,1986-10-28,Louisville,False,male,36,austin_heath
995,9jlV78tZh3,Michael Juarez,1983-01-19,South Christine,False,male,40,michael_juarez
996,RmgotWb592,Tiffany Curry,1955-02-17,East Mary,False,female,68,tiffany_curry
997,6q1Q5Y104r,Marcus Burke,1999-08-20,Delgadobury,True,male,23,marcus_burke
998,t9n2qfuG7Z,Sarah Gray,1973-06-20,Lake Jeremy,False,female,49,sarah_gray
999,6L5zr5jJSx,Isaac Collins,1965-02-28,New Kelly,False,male,58,isaac_collins
